id,index,center,device_loc,petal_id,x,y,z,q_kent,q_kent_wrapped,s_kent,obs_x,obs_y,obs_z,qst_q,qst_s,qst_t,q,s,dq,ds,pinhole1,pinhole2,pinhole3,pinhole4
7482,P010,"{'x': 403.85418030000005, 'y': 59.571288675000005, 'z': -18.895971799999998}",482,2,403.85418030000005,59.571288675000005,-18.895971799999998,152.39102,152.39102,408.8247,-361.7402665581093,189.18547958540367,-18.889944036018985,152.39101485390466,408.82502656257475,-0.13769195861162795,152.39101485390466,408.82502656257475,-5.146095332975165e-06,0.0003265625747417289,,,,
7150,P014,"{'x': 241.6937129, 'y': 14.192133875, 'z': -6.5802239}",150,2,241.6937129,14.192133875,-6.5802239,147.36051,147.36051,242.2349,-203.87632787003795,130.582377448016,-6.576707018525514,147.36051993934825,242.23285092744763,-0.17148661695113995,147.36051993934825,242.23285092744763,9.939348245779911e-06,-0.0020490725523814035,,,,
7011,P018,"{'x': 54.223540775000004, 'y': 32.156358325, 'z': -0.5668154000000001}",11,2,54.223540775000004,32.156358325,-0.5668154000000001,174.66932,174.66932,63.0452,-62.7688076956174,5.856767096874403,-0.5659041423972916,174.6693387296906,63.04477283257326,-0.16222502968100685,174.6693387296906,63.04477283257326,1.8729690594909698e-05,-0.00042716742674286934,,,,
7517,P023,"{'x': 393.97229475, 'y': 113.57465865, 'z': -19.010854375}",517,2,393.97229475,113.57465865,-19.010854375,160.08126000000001,160.08126000000001,410.6196,-385.4880445458244,139.68741203527455,-19.004740094815762,160.08125136930653,410.61962496829585,-0.07612062732791472,160.08125136930653,410.61962496829585,-8.63069348611134e-06,2.4968295861071965e-05,,,,
7542,P050,"{'x': 357.2379699, 'y': 202.29390832500002, 'z': -19.269054475}",542,2,357.2379699,202.29390832500002,-19.269054475,173.52167,173.52167,411.1646,-407.9172315981311,46.320140600301926,-19.26309127585431,173.52165360275188,411.16580234950385,-0.2818009209360014,173.52165360275188,411.16580234950385,-1.6397248117527852e-05,0.0012023495038420151,,,,
7541,P053,"{'x': 295.36677575, 'y': 207.14586995000002, 'z': -14.688073125}",541,2,295.36677575,207.14586995000002,-14.688073125,179.04265,179.04265,361.1756,-360.71423548639046,6.027817822248667,-14.682974409365416,179.0426316895456,361.17459266149615,-0.22077085848900016,179.0426316895456,361.17459266149615,-1.831045440781054e-05,-0.0010073385038253946,,,,
7496,P066,"{'x': 330.9546239, 'y': 185.49413135000003, 'z': -16.211662875000002}",496,2,330.9546239,185.49413135000003,-16.211662875000002,173.26985,173.26985,379.8673,-376.7788541073013,44.46246393011004,-16.206146495714503,173.2698342208931,379.8669462735472,-0.1476026352978962,173.2698342208931,379.8669462735472,-1.5779106888658134e-05,-0.00035372645277220727,,,,
7239,P082,"{'x': 215.44959382500002, 'y': 149.3564816, 'z': -7.693678625}",239,2,215.44959382500002,149.3564816,-7.693678625,178.73093,178.73093,262.3128,-262.09202870640644,5.806228717052103,-7.689966813430203,178.73091144424905,262.3109773067374,-0.14968071078232933,178.73091144424905,262.3109773067374,-1.855575095532913e-05,-0.0018226932625680092,,,,
7534,P096,"{'x': 367.930019325, 'y': 176.98370069999999, 'z': -18.899364025}",534,2,367.930019325,176.98370069999999,-18.899364025,169.68874,169.68874,408.8845,-401.69030646620763,73.08115515904106,-18.89335468793405,169.68872584564565,408.88482246814283,-0.13524119509839533,169.68872584564565,408.88482246814283,-1.415435434637402e-05,0.00032246814282643754,,,,
7439,P104,"{'x': 409.4792344, 'y': 14.102303299999999, 'z': -19.044632725}",439,2,409.4792344,14.102303299999999,-19.044632725,145.97246,145.97246,410.3301,-339.5650296962722,229.27698369349804,-19.038716353960265,145.97246831735575,410.33039246351365,-0.1388778144680524,145.97246831735575,410.33039246351365,8.317355735698584e-06,0.00029246351363099166,,,,
7321,P124,"{'x': 303.9188268500001, 'y': 86.29221365000001, 'z': -11.199992850000001}",321,2,303.9188268500001,86.29221365000001,-11.199992850000001,159.85093,159.85093,316.205,-296.5969333385178,108.82722486428645,-11.195281735947017,159.85092362844074,316.2034613044286,-0.17047684000913949,159.85092362844074,316.2034613044286,-6.371559265971882e-06,-0.0015386955714120631,,,,
7075,P125,"{'x': 153.08992505, 'y': 41.684137825, 'z': -2.82696345}",75,2,153.08992505,41.684137825,-2.82696345,159.23157,159.23157,158.6994,-148.35370740052184,56.260854590743286,-2.8245978871011737,159.23154085615798,158.69798717696622,-0.1555972085794334,159.23154085615798,158.69798717696622,-2.9143842027679057e-05,-0.0014128230337746572,,,,
3517,P006,"{'z': -19.029734089999998, 'y': 113.48506203, 'x': 394.02425360999996}",517,3,394.02425360999996,113.48506203,-19.029734089999998,16.067220000000002,16.067220000000002,410.6464,394.0246076466309,113.48508566376351,-19.022278504208803,16.067205998738547,410.6464913360565,-0.09109630933833845,16.067205998738547,410.6464913360565,-1.4001261455121039e-05,9.133605647093646e-05,"{'z': -19.12649862, 'error': 0.005516883717593001, 'y': 113.99549013999999, 'x': 394.57266444}","{'z': -18.931141439999998, 'error': 0.014210981421510002, 'y': 113.82599418, 'x': 392.97134698}","{'z': -19.080326239999998, 'error': 0.005672979356584, 'y': 112.80363551999999, 'x': 394.70760936}","{'z': -18.980970059999997, 'error': 0.0014881542436660001, 'y': 113.31512828, 'x': 393.84539366}"
3482,P007,"{'z': -18.8412498, 'y': 59.11414922499999, 'x': 403.96491941499994}",482,3,403.96491941499994,59.11414922499999,-18.8412498,8.325280000000001,8.325280000000001,408.8622,403.96525875582546,59.11416971651263,-18.833925629434205,8.325275767509824,408.862221151259,-0.07771878281532776,8.325275767509824,408.862221151259,-4.232490177003001e-06,2.1151259034013492e-05,"{'z': -18.770071339999998, 'error': 0.0017359249451940001, 'y': 58.69415416, 'x': 403.34565022}","{'z': -18.950996800000002, 'error': -0.000205766304741, 'y': 58.61439942, 'x': 404.93494208000004}","{'z': -18.7897038, 'error': 9.618937310995614e-05, 'y': 59.89253432, 'x': 403.4040371}","{'z': -18.854227260000002, 'error': 0.003584565691864, 'y': 59.255508999999996, 'x': 404.1750482599999}"
3321,P031,"{'z': -11.159405494999998, 'y': 86.12419425000002, 'x': 304.17269208000005}",321,3,304.17269208000005,86.12419425000002,-11.159405494999998,15.809070000000002,15.809070000000002,316.4,304.17290411315474,86.12419284729759,-11.153658316053638,15.809057433155692,316.39891241253383,-0.11491158344469847,15.809057433155692,316.39891241253383,-1.2566844310057945e-05,-0.0010875874661451235,"{'z': -11.14701346, 'error': 0.0008038477032990001, 'y': 85.37387806000001, 'x': 304.19338796}","{'z': -11.24297752, 'error': 0.00021094775832300003, 'y': 86.67953813999999, 'x': 305.11516824}","{'z': -11.09977212, 'error': -0.002288748966464, 'y': 86.06941276, 'x': 303.2177078}","{'z': -11.14785888, 'error': 0.000154590905556, 'y': 86.37394803999999, 'x': 304.16450432}"
3239,P037,"{'z': -7.69941112, 'y': 149.748673735, 'x': 215.81828893000002}",239,3,215.81828893000002,149.748673735,-7.69941112,34.75541,34.75541,262.8387,215.8184544474834,149.748671600128,-7.694838501154819,34.7553912456234,262.83716294756823,-0.12358936639021069,34.7553912456234,262.83716294756823,-1.8754376597485134e-05,-0.0015370524317859235,"{'z': -7.735394099999999, 'error': 0.000234874994755, 'y': 149.76413503999999, 'x': 216.56740073999998}","{'z': -7.71597628, 'error': -0.0027563751210040004, 'y': 150.69557903999998, 'x': 215.27034166000004}","{'z': -7.670374939999999, 'error': -0.00038833164185900004, 'y': 148.79000998, 'x': 215.86644706}","{'z': -7.67589916, 'error': 0.00045621807837000004, 'y': 149.74497088000004, 'x': 215.56896626000002}"
3011,P051,"{'z': -0.48509085499999904, 'y': 32.420116355000005, 'x': 54.231823639999995}",11,3,54.231823639999995,32.420116355000005,-0.48509085499999904,30.871240000000004,30.871240000000004,63.1863,54.23183960787158,32.42010793571811,-0.48397088374679065,30.87122678744637,63.18602134079374,-0.07845767286812014,30.87122678744637,63.18602134079374,-1.321255363251339e-05,-0.00027865920626624074,"{'z': -0.49512005999999903, 'error': -0.000181662169999, 'y': 33.064072859999996, 'x': 54.615616579999994}","{'z': -0.484027979999999, 'error': 2.6626007762375895e-05, 'y': 32.45695294, 'x': 53.13551622}","{'z': -0.48679907999999905, 'error': -0.000884893999411, 'y': 31.954274599999998, 'x': 55.07100989999999}","{'z': -0.474416299999999, 'error': -0.000272623865341, 'y': 32.205165019999995, 'x': 54.10515186}"
3075,P083,"{'z': -2.774570324999999, 'y': 41.179510215, 'x': 152.97929915999998}",75,3,152.97929915999998,41.179510215,-2.774570324999999,15.065970000000002,15.065970000000002,158.4591,152.97935659403046,41.179493806330136,-2.7716917690698453,15.065954176565123,158.45804472164994,-0.11103571013271787,15.065954176565123,158.45804472164994,-1.5823434878825537e-05,-0.0010552783500656915,"{'z': -2.76332976, 'error': -0.0012748789147990001, 'y': 40.62703194, 'x': 152.47424374000002}","{'z': -2.80234642, 'error': -0.0021683547668330003, 'y': 40.93105456, 'x': 154.04510198}","{'z': -2.7651832, 'error': 0.00015495743780300002, 'y': 41.805965220000004, 'x': 152.2508019}","{'z': -2.76742192, 'error': -0.007855393425286001, 'y': 41.353989139999996, 'x': 153.14704902}"
3150,P100,"{'z': -6.539233135, 'y': 14.02186476, 'x': 241.62666671499997}",150,3,241.62666671499997,14.02186476,-6.539233135,3.3212099999999998,3.3212099999999998,242.156,241.6267836063942,14.021850722116364,-6.534971370938441,3.3212081784280625,242.15429861136062,-0.13398317782079855,3.3212081784280625,242.15429861136062,-1.8215719372882688e-06,-0.0017013886393897337,"{'z': -6.5281327000000005, 'error': 0.00045780035757800005, 'y': 13.308517079999998, 'x': 241.39418296}","{'z': -6.588876600000001, 'error': -0.001763363051011, 'y': 14.23306436, 'x': 242.7000979}","{'z': -6.50044344, 'error': 0.0050339111530700005, 'y': 14.28802386, 'x': 240.69914491999998}","{'z': -6.5394798, 'error': 0.0013682163683780002, 'y': 14.257853740000002, 'x': 241.71324108}"
3534,P116,"{'z': -18.86918819, 'y': 176.87083576499998, 'x': 367.77945567}",534,3,367.77945567,176.87083576499998,-18.86918819,25.68362,25.68362,408.6978,367.77982025715914,176.8708640217782,-18.861833148688092,25.683603244911414,408.6980016338429,-0.12191788622711829,25.683603244911414,408.6980016338429,-1.6755088587672162e-05,0.00020163384294846765,"{'z': -18.94413808, 'error': -0.00040819565007800003, 'y': 177.50830346000004, 'x': 368.16643812}","{'z': -18.766602139999996, 'error': -0.00012026300400100001, 'y': 176.91517868, 'x': 366.68838482}","{'z': -18.93124536, 'error': -0.001157026753131, 'y': 176.40053731999998, 'x': 368.6135366}","{'z': -18.83476718, 'error': 0.000639701021607, 'y': 176.65932360000002, 'x': 367.64946313999997}"
3439,P121,"{'z': -18.997904395, 'y': 14.305453839999998, 'x': 409.177041685}",439,3,409.177041685,14.305453839999998,-18.997904395,2.0023299999999997,2.0023299999999997,410.0319,409.1773743167264,14.305474110432213,-18.990740127262402,2.0023335451042867,410.0320767600223,-0.1201084060991375,2.0023335451042867,410.0320767600223,3.5451042870171534e-06,0.00017676002227062781,"{'z': -18.93288328, 'error': 6.837888464328312e-05, 'y': 14.706377380000001, 'x': 408.54657746}","{'z': -18.98988358, 'error': 0.001035707520733, 'y': 13.209456, 'x': 409.11233296}","{'z': -19.05772948, 'error': 0.0009202460288870001, 'y': 15.133436320000001, 'x': 409.66240698}","{'z': -19.01112124, 'error': -0.001286266162782, 'y': 14.172545659999997, 'x': 409.38684933999997}"
3541,P359,"{'z': -14.743447455, 'y': 207.26336747500002, 'x': 295.332581765}",541,3,295.332581765,207.26336747500002,-14.743447455,35.061040000000006,35.061040000000006,361.2195,295.3328813208714,207.26338793766826,-14.737177072526897,35.0610184172618,361.2183067609926,-0.2715239054507733,35.0610184172618,361.2183067609926,-2.1582738206404883e-05,-0.0011932390073638999,"{'z': -14.6880291, 'error': 0.00019983737600100002, 'y': 206.52725167999998, 'x': 295.19949492}","{'z': -14.85506338, 'error': 0.0014919823387580002, 'y': 207.60885728000002, 'x': 296.36923196}","{'z': -14.68230466, 'error': 0.0014646939041640002, 'y': 207.40927498000002, 'x': 294.38351198}","{'z': -14.74839268, 'error': -0.001037296412894, 'y': 207.50808596000002, 'x': 295.3780882}"
3542,P669,"{'z': -19.27535677, 'y': 202.52555155500002, 'x': 356.800498735}",542,3,356.800498735,202.52555155500002,-19.27535677,29.57992,29.57992,410.9002,356.80087574974334,202.52558438808734,-19.268048597935213,29.579900881275965,410.90145365587284,-0.31296805120516114,29.579900881275965,410.90145365587284,-1.9118724036815138e-05,0.0012536558728584168,"{'z': -19.2150353, 'error': 0.0026050448710250003, 'y': 201.87304344, 'x': 356.43055506}","{'z': -19.363428799999998, 'error': 8.92673936148114e-06, 'y': 202.50482214, 'x': 357.89366972000005}","{'z': -19.23548636, 'error': 0.001605510952384, 'y': 202.9811842, 'x': 355.95383402}","{'z': -19.28747662, 'error': 0.00047069627603600004, 'y': 202.74315643999998, 'x': 356.92393614}"
75,P011,"{'x': 152.90321075, 'z': -2.7371585400000003, 'y': 41.32673271}",75,4,152.90321075,41.32673271,-2.7371585400000003,267.12455,-92.87545,158.4227,-7.945623518375005,-158.19028959980665,-2.7353809519255554,-92.87545098660765,158.42198010381102,-0.07596860998271861,-92.87545098660765,158.42198010381102,-9.866076453590722e-07,-0.0007198961889685052,"{'x': 152.17923218, 'error': 0.000316702757002, 'z': -2.73044028, 'y': 41.13017484}","{'x': 153.66554444, 'error': -8.392158957115649e-05, 'z': -2.76179524, 'y': 40.53854118}","{'x': 152.62333628000002, 'error': 0.0012995098027010002, 'z': -2.750057499999999, 'y': 42.24702992}","{'x': 153.1447301, 'error': 0.00186383893481, 'z': -2.7063411399999993, 'y': 41.3911849}"
150,P019,"{'x': 241.30180638499996, 'z': -6.49245531, 'y': 14.24133763}",150,4,241.30180638499996,14.24133763,-6.49245531,255.37761,-104.62239,241.8424,-61.02202798886586,-233.89254735986097,-6.489851517244931,-104.62238334773924,241.84110234154238,-0.1058343932542311,-104.62238334773924,241.84110234154238,6.652260751138783e-06,-0.001297658457616535,"{'x': 240.57452138, 'error': 0.0017574382757340001, 'z': -6.468648400000001, 'y': 14.05297984}","{'x': 242.05841884, 'error': 0.002021436937597, 'z': -6.52596054, 'y': 13.44506926}","{'x': 241.02879223999997, 'error': 0.0008331547841250001, 'z': -6.492693919999999, 'y': 15.163297080000001}","{'x': 241.54549308, 'error': 0.0018115653422010002, 'z': -6.48251838, 'y': 14.30400434}"
439,P043,"{'x': 409.5810925, 'z': -18.996194414999998, 'y': 14.1997572}",439,4,409.5810925,14.1997572,-18.996194414999998,253.98559,-106.01441,410.4299,-113.0627189696343,-393.92295311754316,-18.991814210672466,-106.0143970557766,410.4300689102879,-0.08187008375396948,-106.0143970557766,410.4300689102879,1.2944223399813382e-05,0.00016891028792542784,"{'x': 410.3263092, 'error': 0.001037930618871, 'z': -19.08722, 'y': 14.18319856}","{'x': 409.07304454, 'error': -0.000700566587401, 'z': -18.9448229, 'y': 15.16975794}","{'x': 409.59272985999996, 'error': -0.001224226301447, 'z': -18.992180400000002, 'y': 13.240360399999997}","{'x': 409.3322864, 'error': 0.0014162830242210002, 'z': -18.960554359999996, 'y': 14.2057119}"
482,P079,"{'x': 404.0590454, 'z': -18.86651247, 'y': 59.58308056999999}",482,4,404.0590454,59.58308056999999,-18.86651247,260.38846,-99.61153999999999,409.0252,-68.19420681059901,-402.6953888967673,-18.86201120086409,-99.61153303008531,409.0254137146226,-0.08990217129797422,-99.61153303008531,409.0254137146226,6.96991467918906e-06,0.00021371462258912288,"{'x': 403.79689736000006, 'error': 0.00014997624456, 'z': -18.850503579999998, 'y': 60.28564521999999}","{'x': 403.35069434, 'error': -0.001641772528097, 'z': -18.77592004, 'y': 58.75264552}","{'x': 404.94223506, 'error': 0.001071777390733, 'z': -18.97919554, 'y': 59.946788559999995}","{'x': 404.14635484, 'error': 0.001553761357655, 'z': -18.86043072, 'y': 59.34724298}"
496,P080,"{'x': 330.79714022999997, 'z': -16.13559772, 'y': 185.510827275}",496,4,330.79714022999997,185.510827275,-16.13559772,281.28368,-78.71632,379.7319,74.20936824253921,-371.93295307806386,-16.131372210836464,-78.71632076843541,379.7316297997515,-0.08453086296334292,-78.71632076843541,379.7316297997515,-7.684354130788051e-07,-0.0002702002485079902,"{'x': 330.78948304000005, 'error': 0.000993159162734, 'z': -16.09504796, 'y': 184.7610689}","{'x': 331.75955910000005, 'error': 0.001427893894515, 'z': -16.254327699999997, 'y': 186.02655712}","{'x': 329.83958862, 'error': -0.00031816958948, 'z': -16.06336422, 'y': 185.49631879999998}","{'x': 330.79993016, 'error': -0.001376207810807, 'z': -16.129651000000003, 'y': 185.75936428}"
542,P081,"{'x': 357.10864086000004, 'z': -19.322429355, 'y': 202.828934555}",542,4,357.10864086000004,202.828934555,-19.322429355,281.59551,-78.40449000000001,411.3206,82.54916915820675,-402.30830216969946,-19.317857623045906,-78.40449142772955,411.3220819772987,-0.3213762945853002,-78.40449142772955,411.3220819772987,-1.4277295434794723e-06,0.0014819772986811586,"{'x': 356.56952388, 'error': 0.000239097516093, 'z': -19.30996078, 'y': 203.35038070000002}","{'x': 356.82900362000004, 'error': 0.00010058300625900001, 'z': -19.234794739999998, 'y': 201.77179999999998}","{'x': 357.74778935999996, 'error': 0.00034231594873000004, 'z': -19.43406316, 'y': 203.53789818}","{'x': 357.28824657999996, 'error': -0.000169117456902, 'z': -19.31089874, 'y': 202.65565934}"
321,P087,"{'x': 303.94226498, 'z': -11.154336015, 'y': 86.21567796500001}",321,4,303.94226498,86.21567796500001,-11.154336015,267.83642000000003,-92.16357999999997,316.2034,-11.927322770395524,-315.7085082501211,-11.15078645273719,-92.16357933165399,316.2022766109584,-0.12597769376157786,-92.16357933165399,316.2022766109584,6.683459758960453e-07,-0.0011233890415951464,"{'x': 303.59074642, 'error': 1.440472703295725e-05, 'z': -11.11969222, 'y': 85.55415992}","{'x': 305.03596654, 'error': 0.00026309116035600004, 'z': -11.23974664, 'y': 86.23267123999999}","{'x': 303.0822399, 'error': -0.000629932517785, 'z': -11.111637980000001, 'y': 86.64025808000001}","{'x': 304.06010705999995, 'error': -0.000345213275348, 'z': -11.146267220000002, 'y': 86.43562262}"
534,P103,"{'x': 368.00165456, 'z': -18.848379915, 'y': 176.74594138999998}",534,4,368.00165456,176.74594138999998,-18.848379915,277.65431,-82.34568999999999,408.8413,54.376642061407516,-404.6080816365096,-18.843796266742533,-82.34569041285636,408.84143113797285,-0.08968612523154684,-82.34569041285636,408.84143113797285,-4.128563659833162e-07,0.0001311379728576867,"{'x': 368.71165172, 'error': -0.00412088984475, 'z': -18.9406768, 'y': 176.95467997999998}","{'x': 367.22065153999995, 'error': 0.008029268974456001, 'z': -18.806292919999997, 'y': 177.52641025999998}","{'x': 368.31950778, 'error': 0.017228919595661002, 'z': -18.8337331, 'y': 175.82122534}","{'x': 367.7548072000001, 'error': 0.007599482542542, 'z': -18.81281684, 'y': 176.68144998}"
541,P114,"{'x': 295.028863215, 'z': -14.647015289999999, 'y': 207.25554332000002}",541,4,295.028863215,207.25554332000002,-14.647015289999999,287.08775,-72.91224999999997,360.9593,105.94282559446985,-344.6347687193896,-14.6430814585324,-72.9122531766166,360.9584625250349,-0.19864569860787995,-72.9122531766166,360.9584625250349,-3.1766166301849807e-06,-0.000837474965067031,"{'x': 294.29491586, 'error': 5.426631205551758e-05, 'z': -14.608752319999999, 'y': 207.40483708000002}","{'x': 295.36058116000004, 'error': 0.0009668981819820001, 'z': -14.60754158, 'y': 206.20973418000003}","{'x': 295.1867222, 'error': 0.0018268193049700001, 'z': -14.727957360000001, 'y': 208.20158074}","{'x': 295.27323364, 'error': -0.0006416001304660001, 'z': -14.643809899999999, 'y': 207.20602128000002}"
11,P117,"{'x': 54.428964310000005, 'z': -0.47378470999999905, 'y': 32.157361564999995}",11,4,54.428964310000005,32.157361564999995,-0.47378470999999905,282.57516,-77.42484000000002,63.2214,13.76399639941796,-61.70219784159533,-0.4730829832887424,-77.42483529060145,63.22114207858331,-0.06711352682422754,-77.42483529060145,63.22114207858331,4.709398567115386e-06,-0.0002579214166900101,"{'x': 54.993206840000006, 'error': 5.7455967665931425e-05, 'z': -0.48324559999999905, 'y': 31.66342124}","{'x': 54.66108038, 'error': -0.001028542819853, 'z': -0.481502159999999, 'y': 33.228340939999995}","{'x': 53.82054750000001, 'error': -0.001564749005135, 'z': -0.466925559999999, 'y': 31.41592892}","{'x': 54.24102252, 'error': -9.230466492657352e-05, 'z': -0.463465519999999, 'y': 32.32175516}"
239,P126,"{'x': 215.75898940499997, 'z': -7.696694559999999, 'y': 149.91625259}",239,4,215.75898940499997,149.91625259,-7.696694559999999,286.79281000000003,-73.20718999999997,262.8853,75.90564992164087,-251.52574651987007,-7.693824219687578,-73.20719220808505,262.88388439673525,-0.11982121791554089,-73.20719220808505,262.88388439673525,-2.2080850783368078e-06,-0.0014156032647179018,"{'x': 216.44872459999996, 'error': 0.00023182921294000002, 'z': -7.739273679999999, 'y': 150.20805756}","{'x': 214.89697533999998, 'error': 0.0013048088315230002, 'z': -7.6932011, 'y': 150.59667404}","{'x': 216.16039803999996, 'error': 0.002725177132857, 'z': -7.6842387, 'y': 149.04052201999997}","{'x': 215.52985963999998, 'error': 4.208550603790328e-05, 'z': -7.67006476, 'y': 149.81975674}"
517,P134,"{'x': 394.06845212999997, 'z': -18.90941797, 'y': 113.27461242500002}",517,4,394.06845212999997,113.27461242500002,-18.90941797,268.03725,-91.96275000000003,410.6189,-14.043262118229839,-409.7853638539708,-18.90480997635797,-91.96274673470963,410.61854447505874,0.024244165909157237,-91.96274673470963,410.61854447505874,3.2652904025098906e-06,-0.00035552494125568046,"{'x': 394.72156898000003, 'error': 0.0005103057393460001, 'z': -18.9725828, 'y': 112.91051874}","{'x': 394.06966991999997, 'error': -0.00020862219781700003, 'z': -18.95131174, 'y': 114.37050266000001}","{'x': 393.63157248, 'error': 0.00039213607506300005, 'z': -18.833105240000002, 'y': 112.42196324000001}","{'x': 393.85099714, 'error': 0.000436333435039, 'z': -18.880672099999998, 'y': 113.39546506000002}"
1533,P012,"{'z': -18.858517675, 'x': 368.10000619499993, 'y': 176.61714604}",533,5,368.10000619499993,176.61714604,-18.858517675,313.63204,-46.36795999999998,408.875,281.72218691827277,-295.5064773504808,-18.852212441956745,-46.367970162537304,408.87512858798647,-0.09483353516377727,-46.367970162537304,408.87512858798647,-1.0162537321889431e-05,0.00012858798646675496,"{'z': -18.956218659999998, 'x': 368.83920617999996, 'y': 176.71373739999999, 'error': 0.001959023435017}","{'z': -18.838770320000002, 'x': 367.45040804, 'y': 177.50049116, 'error': -0.00023855632806400002}","{'z': -18.824485560000003, 'x': 368.25681436, 'y': 175.66985368, 'error': 8.603277548113743e-05}","{'z': -18.81459616, 'x': 367.85359619999997, 'y': 176.58450192, 'error': 0.0024135964767970004}"
1496,P046,"{'z': -16.153838629999996, 'x': 331.003510945, 'y': 185.671152685}",496,5,331.003510945,185.671152685,-16.153838629999996,317.28955,-42.71044999999998,379.9909,278.86959054660156,-257.4277388677979,-16.14802043597599,-42.71046103635831,379.99059296111375,-0.0782904723625355,-42.71046103635831,379.99059296111375,-1.1036358330329676e-05,-0.00030703888626248954,"{'z': -16.23753566, 'x': 331.39006842, 'y': 186.31106472000002, 'error': 0.002376070898855}","{'z': -16.066136639999996, 'x': 329.91072774, 'y': 185.71856112, 'error': 0.00042143508142400004}","{'z': -16.2004359, 'x': 331.83942655999994, 'y': 185.19726038000002, 'error': 0.0013291771616660002}","{'z': -16.11124632, 'x': 330.87382106, 'y': 185.45772452, 'error': 0.0033478887966540004}"
1534,P048,"{'z': -18.89377764, 'x': 372.84396752000004, 'y': 167.803161945}",534,5,372.84396752000004,167.803161945,-18.89377764,312.23073,-47.769270000000006,409.4622,274.8055538997986,-302.7419230020009,-18.88745243051495,-47.76927786787962,409.4622274256438,-0.07247022823643089,-47.76927786787962,409.4622274256438,-7.86787961715163e-06,2.7425643793321797e-05,"{'z': -18.868007679999998, 'x': 372.34573612, 'y': 168.36285182, 'error': -0.00013245271491600001}","{'z': -18.799198119999996, 'x': 372.48538252, 'y': 166.76945505999998, 'error': 0.0013160133256610001}","{'z': -19.041234600000003, 'x': 373.53372134, 'y': 168.46361616, 'error': 0.0055834249681790005}","{'z': -18.866670159999998, 'x': 373.0110301, 'y': 167.61672474, 'error': 0.0018006205640040001}"
1482,P054,"{'z': -18.872638965, 'x': 404.2877297, 'y': 59.60758100500001}",482,5,404.2877297,59.60758100500001,-18.872638965,296.38718,-63.61282,409.2545,181.62208932900697,-366.0809777121143,-18.866456398927554,-63.612820270675236,409.25455445646134,-0.07181772726025287,-63.612820270675236,409.25455445646134,-2.706752368908383e-07,5.445646132784532e-05,"{'z': -18.94223432, 'x': 404.6390007333334, 'y': 60.26775302000001, 'error': 0.001140572596337}","{'z': -18.73390506, 'x': 403.2005535333333, 'y': 59.59603554, 'error': -0.000846893838275}","{'z': -18.9810363, 'x': 405.14284419999996, 'y': 59.1790081, 'error': 0.0019242908037510002}","{'z': -18.83338018, 'x': 404.1685203333334, 'y': 59.38752736, 'error': 0.003329295539461}"
1011,P091,"{'z': -0.49540680999999903, 'x': 54.436540025, 'y': 32.40971582}",11,5,54.436540025,32.40971582,-0.49540680999999903,318.76817,-41.23183,63.3569,47.64528640722068,-41.75708601516427,-0.49443956040703113,-41.23183951865908,63.35659593922742,-0.0867110520191814,-41.23183951865908,63.35659593922742,-9.518659076945823e-06,-0.0003040607725850464,"{'z': -0.503926779999999, 'x': 55.190102659999994, 'y': 32.43442076, 'error': 0.004115629027236}","{'z': -0.5062099799999991, 'x': 53.87446776, 'y': 33.35190174, 'error': 0.000258259965499}","{'z': -0.49433545999999906, 'x': 54.49753138000001, 'y': 31.45109476, 'error': -0.00014004359379600001}","{'z': -0.47715501999999904, 'x': 54.18405829999999, 'y': 32.40144602, 'error': 0.003275618426299}"
1321,P099,"{'z': -11.13800401, 'x': 304.216210425, 'y': 86.721223955}",321,5,304.216210425,86.721223955,-11.13800401,303.91097,-56.08902999999998,316.603,176.48483542957104,-262.52863674919644,-11.133120418497327,-56.089038695285296,316.6022210917887,-0.07990632420211062,-56.089038695285296,316.6022210917887,-8.695285316662194e-06,-0.0007789082113163204,"{'z': -11.192511, 'x': 304.59009828, 'y': 87.37139515999999, 'error': 0.002087856209472}","{'z': -11.071596719999999, 'x': 303.12125782, 'y': 86.74206712, 'error': 0.000262509789982}","{'z': -11.184537520000001, 'x': 305.06182249999995, 'y': 86.26721763999998, 'error': 0.00020940415762100002}","{'z': -11.103370799999999, 'x': 304.0916631, 'y': 86.50421589999999, 'error': 0.002594519604922}"
1150,P106,"{'z': -6.5035493550000005, 'x': 241.86809653499998, 'y': 14.35725772}",150,5,241.86809653499998,14.35725772,-6.5035493550000005,291.39707999999996,-68.60292000000004,242.4143,88.39594717849445,-225.5936837518783,-6.499968292230809,-68.60291739884265,242.41324189361845,-0.08486666648776726,-68.60291739884265,242.41324189361845,2.6011573908135688e-06,-0.0010581063815493508,"{'z': -6.5480858600000005, 'x': 242.61342071999997, 'y': 14.419577559999999, 'error': -0.0006501061187020001}","{'z': -6.497686159999999, 'x': 241.26030224000002, 'y': 15.269902059999998, 'error': -0.000374590616276}","{'z': -6.4990077799999995, 'x': 241.9788167, 'y': 13.403060120000001, 'error': -8.94437979184204e-05}","{'z': -6.46941762, 'x': 241.61984647999998, 'y': 14.336491139999998, 'error': 0.0014444590491300001}"
1517,P108,"{'z': -18.973791065, 'x': 393.68109523, 'y': 113.652288225}",517,5,393.68109523,113.652288225,-18.973791065,304.10297,-55.89702999999997,410.3589,229.74403477007692,-339.2927439223946,-18.967463413802797,-55.89703850896024,410.3588748310035,-0.06442501517314772,-55.89703850896024,410.3588748310035,-8.508960270603438e-06,-2.5168996501179208e-05,"{'z': -18.911868079999998, 'x': 393.01682223999995, 'y': 113.99565691999999, 'error': 0.00043000874340500005}","{'z': -18.93962604, 'x': 393.71698147999996, 'y': 112.55710498, 'error': -0.00059647815897}","{'z': -19.07488702, 'x': 394.08756894, 'y': 114.51635698, 'error': -0.00046248646193700006}","{'z': -18.96878312, 'x': 393.90300826, 'y': 113.54003402000001, 'error': -0.0012602184267980002}"
1239,P115,"{'z': -7.616324649999999, 'x': 215.32764459499998, 'y': 149.768727355}",239,5,215.32764459499998,149.768727355,-7.616324649999999,322.82011,-37.17989,262.443,208.97847738200178,-158.50779911412127,-7.612379563722675,-37.17990360493133,262.4421210611803,-0.06429311960946082,-37.17990360493133,262.4421210611803,-1.3604931332622527e-05,-0.0008789388197101289,"{'z': -7.57648508, 'x': 214.74540486, 'y': 149.29780522000001, 'error': 5.299076875076025e-06}","{'z': -7.658072899999999, 'x': 216.34359876, 'y': 149.35605188, 'error': 0.000463581237057}","{'z': -7.629956219999999, 'x': 214.70044711999998, 'y': 150.4950532, 'error': -0.0009543433481990001}","{'z': -7.6007844, 'x': 215.52112763999997, 'y': 149.92599912, 'error': -0.00017687028870900002}"
1542,P128,"{'z': -19.24359777, 'x': 356.9720995, 'y': 202.35170724}",542,5,356.9720995,202.35170724,-19.24359777,317.54697999999996,-42.45302000000004,410.9602,302.75850312943015,-276.9708000421914,-19.23731143688724,-42.45302991975537,410.96136741077527,-0.27613150855561086,-42.45302991975537,410.96136741077527,-9.919755335374703e-06,0.0011674107752810414,"{'z': -19.171984979999998, 'x': 356.65358954000004, 'y': 201.67827582, 'error': -0.001510486608767}","{'z': -19.373569879999998, 'x': 358.06298692, 'y': 202.41519426, 'error': 0.003535692896495}","{'z': -19.1894516, 'x': 356.0923243, 'y': 202.73672144, 'error': 0.001158692564775}","{'z': -19.239384620000003, 'x': 357.07949724, 'y': 202.57663743999996, 'error': -0.000709767415459}"
1439,P130,"{'z': -18.96679117, 'x': 409.317779035, 'y': 14.207204725}",439,5,409.317779035,14.207204725,-18.96679117,289.98791,-70.01209,410.1654,139.9981346085026,-384.894321980042,-18.960786657382606,-70.01208647659504,410.1654307677451,-0.07682519401678373,-70.01208647659504,410.1654307677451,3.5234049562404834e-06,3.0767745101911714e-05,"{'z': -18.88355434, 'x': 408.6166467, 'y': 13.958181020000001, 'error': -0.001216003441409}","{'z': -19.06289358, 'x': 410.13183468000005, 'y': 13.47756952, 'error': 0.0005013845169200001}","{'z': -18.941146540000002, 'x': 408.97205194000003, 'y': 15.103330500000002, 'error': 0.000146645352081}","{'z': -18.979570220000003, 'x': 409.55058282, 'y': 14.289737860000002, 'error': -0.0026689974909100004}"
1075,P133,"{'z': -2.769805629999999, 'x': 153.3485646, 'y': 41.610002055}",75,5,153.3485646,41.610002055,-2.769805629999999,303.18125,-56.81875000000002,158.9275,86.96078434147522,-132.98499971220065,-2.767355527059527,-56.818755874312565,158.92659082933037,-0.09035617549086694,-56.818755874312565,158.92659082933037,-5.87431254217563e-06,-0.0009091706696437996,"{'z': -2.80626052, 'x': 153.7934288, 'y': 42.214139540000005, 'error': 0.001242607118425}","{'z': -2.73159054, 'x': 152.26183616, 'y': 41.753337720000005, 'error': -9.3632280730116e-05}","{'z': -2.801186139999999, 'x': 154.1385673, 'y': 41.06445824000001, 'error': -0.000123581124384}","{'z': -2.7401853199999993, 'x': 153.20042614, 'y': 41.40807272, 'error': 0.002186086906503}"
1541,P135,"{'z': -14.675187189999999, 'x': 295.43085893, 'y': 207.935225065}",541,5,295.43085893,207.935225065,-14.675187189999999,323.13931,-36.86068999999998,361.679,289.0514190295566,-216.71614324547025,-14.669760976026488,-36.860709150346416,361.6782192810958,-0.1657660787596542,-36.860709150346416,361.6782192810958,-1.915034643928948e-05,-0.0007807189041955098,"{'z': -14.73323782, 'x': 295.31034888000005, 'y': 208.67559264000002, 'error': 0.00245410140824}","{'z': -14.542744660000002, 'x': 294.57236266, 'y': 207.26141189999998, 'error': 0.002454833838478}","{'z': -14.801312200000002, 'x': 296.37054576, 'y': 208.11546638, 'error': 0.004393668125497001}","{'z': -14.623454079999998, 'x': 295.47017842, 'y': 207.68842934, 'error': 0.005206713944616001}"
2482,P001,"{'y': 59.210214425000004, 'x': 404.04954708500003, 'z': -18.83310349}",482,6,404.04954708500003,59.210214425000004,-18.83310349,332.3369,-27.663099999999986,408.9586,361.6861211771249,-189.59233861473737,-18.82729503515756,-27.6630901208549,408.9586123975535,-0.061572921401327745,-27.6630901208549,408.9586123975535,9.879145085989194e-06,1.239755351889471e-05,"{'y': 58.80105751999999, 'x': 403.42366792, 'error': 0.0014559865293410001, 'z': -18.75960712}","{'y': 58.69974116000001, 'x': 405.00311511999996, 'error': -0.010012980517202001, 'z': -18.94010088}","{'y': 59.99715964000001, 'x': 403.50932928000003, 'error': -0.004898821687723, 'z': -18.78372896}","{'y': 59.34289937999999, 'x': 404.26207601999994, 'error': 0.00104942504468, 'z': -18.848976999999998}"
2239,P009,"{'y': 149.622076165, 'x': 215.302891555, 'z': -7.607486545}",239,6,215.302891555,149.622076165,-7.607486545,358.79689,-1.203109999999981,262.3386,262.1294568995491,-5.5050723461236,-7.603739960236309,-1.2031118327032535,262.33777674143727,-0.06178081328602769,-1.2031118327032535,262.33777674143727,-1.8327032724752002e-06,-0.0008232585627183653,"{'y': 149.07909046, 'x': 214.78604572, 'error': 0.001187211934822, 'z': -7.56091502}","{'y': 149.34385452, 'x': 216.36325748, 'error': 0.0013819097697590002, 'z': -7.674119679999999}","{'y': 150.26256347999998, 'x': 214.58633700000001, 'error': 0.000388684817133, 'z': -7.611613180000001}","{'y': 149.80279620000005, 'x': 215.47592602, 'error': 0.0013677153582580001, 'z': -7.5832983}"
2496,P064,"{'y': 185.48654693499998, 'x': 330.698105595, 'z': -16.138561785}",496,6,330.698105595,185.48654693499998,-16.138561785,353.2878,-6.712199999999996,379.6343,376.5668768815616,-44.317733681048836,-16.133051753166832,-6.712200215220522,379.633949264976,-0.09486896583806467,-6.712200215220522,379.633949264976,-2.1522052584543871e-07,-0.0003507350239715379,"{'y': 184.76657854, 'x': 330.49488180000003, 'error': 0.000140366436466, 'z': -16.08465306}","{'y': 185.73095184, 'x': 331.76270242, 'error': 0.0015195943582250002, 'z': -16.254430019999997}","{'y': 185.72232478, 'x': 329.76873914, 'error': 0.00030091314367000003, 'z': -16.0736807}","{'y': 185.72633258000002, 'x': 330.76609902, 'error': -0.000743511635511, 'z': -16.141483360000002}"
2011,P065,"{'y': 32.24771225, 'x': 53.912724190000006, 'z': -0.45713172}",11,6,53.912724190000006,32.24771225,-0.45713172,354.88561,-5.114390000000014,62.8236,62.571047024903386,-5.6001547820691755,-0.45622232750164987,-5.114387439008529,62.823408740004425,-0.055397689668085726,-5.114387439008529,62.823408740004425,2.5609914855451166e-06,-0.0001912599955744554,"{'y': 31.616493339999998, 'x': 53.51494026, 'error': -0.003794134637183, 'z': -0.45498812000000005}","{'y': 32.17691742, 'x': 55.00533972000001, 'error': -0.0018629608930060002, 'z': -0.47402884000000006}","{'y': 32.74059476, 'x': 53.08554855999999, 'error': 0.0022861681585570003, 'z': -0.47090374}","{'y': 32.456843479999996, 'x': 54.04506822, 'error': -0.000872482310279, 'z': -0.42860618000000006}"
2542,P075,"{'y': 202.51826918999998, 'x': 357.268741995, 'z': -19.328428435}",542,6,357.268741995,202.51826918999998,-19.328428435,353.54679,-6.453210000000013,411.3072,408.074013913426,-46.15661835150502,-19.322463946868176,-6.453210195806658,411.3086323903269,-0.32734115125502206,-6.453210195806658,411.3086323903269,-1.9580664556428928e-07,0.0014323903268973481,"{'y': 201.87774649999997, 'x': 357.66006511999996, 'error': 0.0007142392572030001, 'z': -19.324112}","{'y': 203.46880646, 'x': 357.80812004, 'error': 0.002987265934411, 'z': -19.45213058}","{'y': 201.99494638000002, 'x': 356.46890554000004, 'error': 0.0012853965063050002, 'z': -19.219751}","{'y': 202.73157742, 'x': 357.13787728, 'error': 0.00048082116453, 'z': -19.31772016}"
2075,P084,"{'y': 41.301531485, 'x': 153.100471125, 'z': -2.754419995}",75,6,153.100471125,41.301531485,-2.754419995,339.09716000000003,-20.90283999999997,158.6071,148.13735724273855,-56.576558645773446,-2.7521149708600054,-20.902836281484216,158.60623867769226,-0.0862894443912658,-20.902836281484216,158.60623867769226,3.718515753092788e-06,-0.0008613223077418297,"{'y': 40.56260892, 'x': 153.23085414000002, 'error': 0.000523636840606, 'z': -2.76579308}","{'y': 41.99056394, 'x': 153.95404309999998, 'error': 0.000728730271467, 'z': -2.79234082}","{'y': 41.105343620000006, 'x': 152.16059646, 'error': -0.00041657764573500004, 'z': -2.73738512}","{'y': 41.547609460000004, 'x': 153.0563908, 'error': 0.002067630153776, 'z': -2.72216096}"
2321,P089,"{'y': 86.636638555, 'x': 304.273988165, 'z': -11.161333805}",321,6,304.273988165,86.636638555,-11.161333805,339.89337,-20.106629999999996,316.637,297.0867318077126,-108.75727049483709,-11.156727676292924,-20.106627003988788,316.63602487771,-0.10116072149724473,-20.106627003988788,316.63602487771,2.9960112080118506e-06,-0.0009751222900149514,"{'y': 87.244117, 'x': 304.71062522, 'error': 0.00028428958641300004, 'z': -11.21696194}","{'y': 86.77161146, 'x': 303.19292712, 'error': -0.005585145530675, 'z': -11.09763574}","{'y': 86.09669402, 'x': 305.06673782, 'error': -0.000619793375416, 'z': -11.203308640000001}","{'y': 86.43413174000001, 'x': 304.1256625, 'error': 0.003296378975691, 'z': -11.127428900000002}"
2534,P110,"{'y': 176.60537675999998, 'x': 367.924830005, 'z': -18.82854455}",534,6,367.924830005,176.60537675999998,-18.82854455,349.64119,-10.358810000000005,408.7098,401.4637488125384,-73.38407874476361,-18.82257846636328,-10.358808348415764,408.7098986649123,-0.08128575097588642,-10.358808348415764,408.7098986649123,1.6515842418129978e-06,9.866491234333807e-05,"{'y': 176.06350709999998, 'x': 368.44358778000003, 'error': 0.0012266201744250001, 'z': -18.86673934}","{'y': 177.65058174, 'x': 368.24647964, 'error': 0.002915045871223, 'z': -18.945511200000002}","{'y': 175.92145808, 'x': 367.2575164, 'error': 0.002597099023228, 'z': -18.70652368}","{'y': 176.78596011999997, 'x': 367.7517362, 'error': 0.0023293732766560002, 'z': -18.79540398}"
2541,P111,"{'y': 207.55386875000002, 'x': 295.68919834999997, 'z': -14.672663245000003}",541,6,295.68919834999997,207.55386875000002,-14.672663245000003,359.06627000000003,-0.9337299999999686,361.6709,361.2148990062466,-5.887171763482185,-14.667506420779425,-0.9337384313342441,361.67010996368595,-0.1641772151647623,-0.9337384313342441,361.67010996368595,-8.431334275416091e-06,-0.0007900363140720401,"{'y': 207.49014954000003, 'x': 296.43610604, 'error': 0.0028038422007230003, 'z': -14.74072086}","{'y': 208.55457463999997, 'x': 295.23729948, 'error': 0.0017169584132370002, 'z': -14.709192060000001}","{'y': 206.5962053, 'x': 295.64311041999997, 'error': 0.000332797604454, 'z': -14.60677958}","{'y': 207.57454552, 'x': 295.44027746, 'error': 0.002758861990339, 'z': -14.633960480000002}"
2150,P112,"{'y': 14.44124514, 'x': 241.60715320500003, 'z': -6.52014348}",150,6,241.60715320500003,14.44124514,-6.52014348,327.42059,-32.579409999999996,242.1601,203.95274519331537,-130.32991890482447,-6.51678589091427,-32.57939856222495,242.15867429564148,-0.1155433451816308,-32.57939856222495,242.15867429564148,1.1437775043532383e-05,-0.0014257043585246265,"{'y': 15.1307322, 'x': 241.31290926000003, 'error': -0.00019594717105300002, 'z': -6.510964059999999}","{'y': 13.5752384, 'x': 240.93499062, 'error': -0.000406003351001, 'z': -6.4971463}","{'y': 14.847682120000002, 'x': 242.4774708, 'error': 0.001276335980243, 'z': -6.57262906}","{'y': 14.21132784, 'x': 241.70324214000001, 'error': 1.500542439752949e-05, 'z': -6.4998345}"
2517,P120,"{'y': 113.6028725, 'x': 394.01158337000004, 'z': -18.988197825}",517,6,394.01158337000004,113.6028725,-18.988197825,340.08352,-19.91647999999998,410.6627,385.5364392292612,-139.68758585869853,-18.982225441612997,-19.91646776240397,410.662605857466,-0.049231818709860806,-19.91646776240397,410.662605857466,1.2237596010322704e-05,-9.414253395334526e-05,"{'y': 114.24577842, 'x': 394.39152092, 'error': 0.0026382833773900003, 'z': -19.0811134}","{'y': 113.63998886000002, 'x': 392.92125248, 'error': 0.0026963658825660004, 'z': -18.85067294}","{'y': 113.13737739999999, 'x': 394.84869046000006, 'error': 0.0016116086953300002, 'z': -19.0809861}","{'y': 113.38834532000001, 'x': 393.88486962, 'error': 0.0037705618591080004, 'z': -18.94001886}"
2439,P129,"{'y': 14.602045069999999, 'x': 409.36835541999994, 'z': -18.96616408}",439,6,409.36835541999994,14.602045069999999,-18.96616408,326.04286,-33.95713999999998,410.2294,339.7691078132665,-228.8074246683308,-18.96052959205673,-33.95712603583892,410.22947606254,-0.07024022943351722,-33.95712603583892,410.22947606254,1.3964161063029223e-05,7.606254001757407e-05,"{'y': 15.325670259999999, 'x': 409.17000715999995, 'error': 0.000518794599044, 'z': -18.95379802}","{'y': 13.83695286, 'x': 408.58788968, 'error': 0.00037986381351300005, 'z': -18.86854114}","{'y': 14.88467482, 'x': 410.28069158, 'error': 0.0017494376897480002, 'z': -19.08478986}","{'y': 14.36088234, 'x': 409.43483326, 'error': 0.000306531119135, 'z': -18.9575273}"
8011,P003,"{'y': 32.49931597, 'x': 54.43477754, 'z': -0.47998907}",11,7,54.43477754,32.49931597,-0.47998907,210.83856,-149.16144,63.401,-54.434770441809775,-32.49935210453098,-0.4787928648848681,-149.16140628953892,63.4008150558386,-0.07048817161817716,-149.16140628953892,63.4008150558386,3.3710461082137044e-05,-0.0001849441614041325,"{'y': 32.42347462, 'error': 0.003316527553281, 'x': 54.19450668, 'z': -0.45377330000000005}","{'y': 32.722069160000004, 'error': 0.004212243306247, 'x': 55.15504417999999, 'z': -0.49678964000000003}","{'y': 31.592855919999998, 'error': -0.0023766295617780003, 'x': 54.74573406, 'z': -0.48445032}","{'y': 33.258864179999996, 'error': -0.000294525907291, 'x': 53.64382524, 'z': -0.48494302000000006}"
8534,P005,"{'y': 176.4293234, 'x': 367.76702467499996, 'z': -18.815128975}",534,7,367.76702467499996,176.4293234,-18.815128975,205.62849,-154.37151,408.4911,-367.7672647623917,-176.42966260528254,-18.80732828930519,-154.37148334060157,408.49112101514555,-0.08744852885368896,-154.37148334060157,408.49112101514555,2.6659398429274006e-05,2.1015145534875046e-05,"{'y': 176.6585951, 'error': -0.0032609617390080003, 'x': 367.8579176, 'z': -18.822417100000003}","{'y': 176.7706381, 'error': -0.003499165463147, 'x': 366.8722373, 'z': -18.7423187}","{'y': 176.5471851, 'error': -0.000261815085898, 'x': 368.8513825, 'z': -18.9476863}","{'y': 175.7408753, 'error': 0.0018696379936690001, 'x': 367.4865613, 'z': -18.7480938}"
8517,P015,"{'y': 113.40915735, 'x': 393.743031055, 'z': -18.97375837}",517,7,393.743031055,113.40915735,-18.97375837,196.0679,-163.9321,410.3511,-393.74331092664397,-113.40951280573586,-18.965898852970184,-163.9320623794779,410.35097508092167,-0.06363277198007004,-163.9320623794779,410.35097508092167,3.76205220788961e-05,-0.0001249190783028098,"{'y': 113.42060302, 'error': -0.001264891295589, 'x': 393.99095108, 'z': -18.990305640000003}","{'y': 113.37372054, 'error': 0.0007959415623350001, 'x': 392.99818300000004, 'z': -18.88721356}","{'y': 114.36771526, 'error': 0.001728697173754, 'x': 393.66338751999996, 'z': -19.00681344}","{'y': 112.47459058, 'error': 0.00183316289465, 'x': 394.31960262, 'z': -19.01070084}"
8321,P016,"{'y': 86.3248996, 'x': 304.351959925, 'z': -11.1670751}",321,7,304.351959925,86.3248996,-11.1670751,195.8352,-164.1648,316.6272,-304.35211450886965,-86.32515179726782,-11.161008650212166,-164.16476573824505,316.62615325067515,-0.10615097802267773,-164.16476573824505,316.62615325067515,3.426175496201722e-05,-0.0010467493248711435,"{'y': 86.4903053, 'error': 0.001765257156231, 'x': 304.1636103, 'z': -11.1435992}","{'y': 85.5854241, 'error': -0.0010699724666450002, 'x': 303.7414127, 'z': -11.1121338}","{'y': 87.3911167, 'error': -0.000173854858108, 'x': 304.5870869, 'z': -11.2190164}","{'y': 85.8327523, 'error': -0.0038302413154330003, 'x': 304.9157298, 'z': -11.193551}"
8075,P025,"{'y': 41.618393985, 'x': 153.270400275, 'z': -2.789356355}",75,7,153.270400275,41.618393985,-2.789356355,195.19156,-164.80844,158.855,-153.27042957894972,-41.618503067242855,-2.7863134308369553,-164.80840787072023,158.85387630748298,-0.11185991815731434,-164.80840787072023,158.85387630748298,3.2129279759374185e-05,-0.0011236925170123868,"{'y': 41.470900179999994, 'error': -0.000757634345765, 'x': 153.07025136, 'z': -2.7718136600000003}","{'y': 42.06909245999999, 'error': 0.002740964911358, 'x': 153.87255762, 'z': -2.8166664}","{'y': 40.86984866, 'error': -0.00214200432589, 'x': 153.86908368, 'z': -2.79892234}","{'y': 42.06373464, 'error': -0.00141552933247, 'x': 152.26970844, 'z': -2.77002302}"
8150,P027,"{'y': 14.298285665, 'x': 241.350749395, 'z': -6.51113005}",150,7,241.350749395,14.298285665,-6.51113005,183.3904,-176.6096,241.8956,-241.3508619913066,-14.298470605125626,-6.506672482797606,-176.6095601680984,241.89404733175857,-0.11979628879907764,-176.6095601680984,241.89404733175857,3.9831901602838116e-05,-0.0015526682414304105,"{'y': 14.286058, 'error': -0.0006872986911160001, 'x': 241.59976148, 'z': -6.510592679999999}","{'y': 13.314603639999998, 'error': 0.000124808754769, 'x': 241.83440226, 'z': -6.533055800000001}","{'y': 14.333455760000001, 'error': 0.00024948339820700003, 'x': 240.60231349999998, 'z': -6.477307140000001}","{'y': 15.259025260000001, 'error': -0.000528184125528, 'x': 241.36652034, 'z': -6.52356458}"
8482,P068,"{'y': 59.315690395000004, 'x': 403.90260788500007, 'z': -18.865513145}",482,7,403.90260788500007,59.315690395000004,-18.865513145,188.35453,-171.64547,408.8323,-403.90291748789434,-59.31605109685367,-18.85782260497996,-171.645421899733,408.83244410043517,-0.10467061223183176,-171.645421899733,408.83244410043517,4.810026698010006e-05,0.00014410043519319515,"{'y': 59.29085836, 'error': 0.001027941311668, 'x': 404.1514613, 'z': -18.88720128}","{'y': 58.30235106, 'error': 0.005086840854286, 'x': 404.32065412000003, 'z': -18.897206400000005}","{'y': 59.39662644, 'error': 0.000198130419389, 'x': 403.15625628000004, 'z': -18.785427140000003}","{'y': 60.27292572, 'error': -0.00025797779382900004, 'x': 403.98205984000003, 'z': -18.89221776}"
8541,P090,"{'y': 207.55653106, 'x': 295.428640695, 'z': -14.689993450000001}",541,7,295.428640695,207.55653106,-14.689993450000001,215.09037,-144.90963,361.4613,-295.42878796303313,-207.5568009978367,-14.68329792014671,-144.90961140717675,361.4603799739031,-0.19741361198557206,-144.90961140717675,361.4603799739031,1.859282323835032e-05,-0.0009200260968782459,"{'y': 207.76602659999998, 'error': -0.005507638709695, 'x': 295.5539562, 'z': -14.703563919999999}","{'y': 206.91491007999997, 'error': -0.001522156853051, 'x': 295.05106573999996, 'z': -14.613645120000001}","{'y': 208.02252542000002, 'error': 0.00013564495395900001, 'x': 294.5894384, 'z': -14.64763898}","{'y': 207.52266214000002, 'error': 0.000136303570509, 'x': 296.52010244, 'z': -14.795125780000001}"
8239,P118,"{'y': 149.88210980625, 'x': 215.28859635625003, 'z': -7.67314881}",239,7,215.28859635625003,149.88210980625,-7.67314881,214.84531,-145.15469,262.479,-215.28865053883985,-149.88228705466977,-7.6682785100112545,-145.1546638909197,262.4774826298892,-0.1181748534406425,-145.1546638909197,262.4774826298892,2.6109080295100284e-05,-0.0015173701107755733,"{'y': 149.80108654999998, 'error': -0.001339096728367, 'x': 215.523651475, 'z': -7.66907844}","{'y': 150.11420457500003, 'error': -0.00225099557629, 'x': 214.57822427500003, 'z': -7.651181599999999}","{'y': 150.810665625, 'error': 0.008526661273665, 'x': 215.56215505, 'z': -7.72162616}","{'y': 148.802482475, 'error': 0.0016468204262660002, 'x': 215.490354625, 'z': -7.65070904}"
8439,P119,"{'y': 14.283098985000002, 'x': 409.69576202, 'z': -19.041670315}",439,7,409.69576202,14.283098985000002,-19.041670315,181.99668,-178.00332,410.5513,-409.6961011894962,-14.283464229582492,-19.034168632965866,-178.00327392912027,410.5514766983966,-0.1124491282412782,-178.00327392912027,410.5514766983966,4.60708797334064e-05,0.00017669839655809483,"{'y': 14.242551760000001, 'error': -0.004716196788966001, 'x': 409.45617955999995, 'z': -19.00819926}","{'y': 13.341640660000001, 'error': -0.0028301925059880002, 'x': 409.87809894000003, 'z': -19.05469532}","{'y': 15.145300260000003, 'error': -0.0016587178529970002, 'x': 409.02087466, 'z': -18.97412972}","{'y': 14.402903259999999, 'error': 0.00010762042580800001, 'x': 410.42789492, 'z': -19.12965696}"
8542,P122,"{'y': 202.53129539999998, 'x': 357.24169194999996, 'z': -19.32380864}",542,7,357.24169194999996,202.53129539999998,-19.32380864,209.55023,-150.44977,411.2897,-357.24192594597145,-202.53163175640515,-19.316028098352714,-150.44974178270408,411.2910318746431,-0.32261495820092945,-150.44974178270408,411.2910318746431,2.8217295920285324e-05,0.0013318746431423278,"{'y': 202.69956342, 'error': -0.00010179617581900001, 'x': 357.05768909999995, 'z': -19.3071372}","{'y': 201.80658061999998, 'error': -0.00069018547121, 'x': 356.61852694, 'z': -19.225272179999997}","{'y': 203.59328463999998, 'error': 0.00016189225513800002, 'x': 357.49606754000007, 'z': -19.426255140000002}","{'y': 202.02575291999997, 'error': -7.5778884370159e-05, 'x': 357.79448422, 'z': -19.336570039999998}"
4517,P033,"{'x': 393.79735574999995, 'y': 113.50682337500001, 'z': -18.940266915000002}",517,8,393.79735574999995,113.50682337500001,-18.940266915000002,52.078920000000004,52.078920000000004,410.4266,251.87127971177094,323.29744251850286,-18.93441516284966,52.07891980096792,410.42643691266966,-0.024519688739789068,52.07891980096792,410.42643691266966,-1.9903208681171236e-07,-0.00016308733034975376,"{'x': 393.84135444, 'y': 114.24481474, 'z': -18.977438820000003, 'error': -0.009664301011098001}","{'x': 392.81296604, 'y': 113.06873956, 'z': -18.81761564, 'error': -0.012472102268714001}","{'x': 394.75267746, 'y': 113.4673741, 'z': -19.064307739999997, 'error': 0.003448298324521}","{'x': 393.78242506, 'y': 113.2463651, 'z': -18.901705460000002, 'error': 0.013720352516771001}"
4150,P034,"{'x': 241.430763775, 'y': 14.310093509999998, 'z': -6.459309944999999}",150,8,241.430763775,14.310093509999998,-6.459309944999999,39.392070000000004,39.392070000000004,241.9732,186.91038772406174,153.48661737944698,-6.456032630363991,39.39207232079873,241.97236382860743,-0.06485769244374014,39.39207232079873,241.97236382860743,2.3207987283058173e-06,-0.0008361713925637559,"{'x': 240.92167358, 'y': 14.864038419999996, 'z': -6.4555636199999995, 'error': 0.0024575113674670003}","{'x': 241.08011094, 'y': 13.27017816, 'z': -6.44844434, 'error': 0.000596882561027}","{'x': 242.11456364, 'y': 14.98214002, 'z': -6.506951239999999, 'error': -0.0007528868909110001}","{'x': 241.60670694, 'y': 14.12401744, 'z': -6.426280579999999, 'error': 0.008207745989866}"
4542,P036,"{'x': 357.13719327, 'y': 202.56225633, 'z': -19.304881895}",542,8,357.13719327,202.56225633,-19.304881895,65.56118000000001,65.56118000000001,411.2126,169.86712141743283,373.79650869663027,-19.299015657061407,65.56117538258873,411.21393467642474,-0.31315139473552384,65.56117538258873,411.21393467642474,-4.617411278218242e-06,0.0013346764247330611,"{'x': 357.53788771999996, 'y': 201.92618134, 'z': -19.251195000000003, 'error': 0.00377746275114}","{'x': 357.66330482, 'y': 203.52057026, 'z': -19.47320048, 'error': 0.009214866337059001}","{'x': 356.3437702, 'y': 202.02854276000002, 'z': -19.193388480000003, 'error': 0.002005107703668}","{'x': 357.00381034000003, 'y': 202.77373095999997, 'z': -19.301743620000003, 'error': 4.4743833938099005e-05}"
4496,P049,"{'x': 330.683837575, 'y': 185.37932743000002, 'z': -16.094368275}",496,8,330.683837575,185.37932743000002,-16.094368275,65.27472,65.27472,379.5657,158.56575340695443,344.3462960902703,-16.088948781624367,65.27471426681488,379.5654480133991,-0.05666212872540241,65.27471426681488,379.5654480133991,-5.733185119538575e-06,-0.0002519866009151883,"{'x': 330.38721862, 'y': 184.69253898000002, 'z': -16.031097399999997, 'error': 0.00087585412821}","{'x': 331.77156654, 'y': 185.48088796, 'z': -16.204787760000006, 'error': 0.001126094963824}","{'x': 329.79309472000006, 'y': 185.73576722, 'z': -16.04724392, 'error': -0.000130969444241}","{'x': 330.78347042, 'y': 185.60811556, 'z': -16.09434402, 'error': -0.00045899571415400006}"
4439,P060,"{'x': 409.38322859000004, 'y': 13.800277045, 'z': -18.94291052}",439,8,409.38322859000004,13.800277045,-18.94291052,37.93071,37.93071,410.2143,323.0865481345696,251.7942932541745,-18.93741210296553,37.930714791869256,410.2142136866885,-0.04850579500182223,37.930714791869256,410.2142136866885,4.791869258724546e-06,-8.631331149899779e-05,"{'x': 409.01153268, 'y': 13.149151380000001, 'z': -18.905690460000002, 'error': 0.0007715753236180001}","{'x': 410.47368824000006, 'y': 13.78312818, 'z': -19.0774383, 'error': 0.001960343920313}","{'x': 408.54083194000003, 'y': 14.251840920000001, 'z': -18.84660108, 'error': -6.606484604465557e-05}","{'x': 409.5068615, 'y': 14.016987700000001, 'z': -18.94191224, 'error': -0.00050130062754}"
4541,P072,"{'x': 295.222127645, 'y': 207.695503595, 'z': -14.663760915}",541,8,295.222127645,207.695503595,-14.663760915,71.12725999999999,71.12725999999999,361.3704,116.75949738421814,341.5565770841321,-14.65868571719267,71.12724987990043,361.3696173055219,-0.18024724914588355,71.12724987990043,361.3696173055219,-1.0120099560140261e-05,-0.0007826944781186285,"{'x': 294.58902782000007, 'y': 208.09769626000002, 'z': -14.65424984, 'error': 0.000209851116771}","{'x': 295.16124406, 'y': 206.60345142, 'z': -14.56713148, 'error': 0.001108201951645}","{'x': 295.70401019999997, 'y': 208.51927732, 'z': -14.79159958, 'error': 0.0021897502220330003}","{'x': 295.4342285, 'y': 207.56158938, 'z': -14.642062760000002, 'error': 0.0017748986718280001}"
4482,P076,"{'x': 404.340232135, 'y': 59.47524291, 'z': -18.891694195}",482,8,404.340232135,59.47524291,-18.891694195,44.36775,44.36775,409.2889,292.1596090034228,285.78191948097333,-18.88600615228958,44.367756350881706,409.2890336156416,-0.0880766804543456,44.367756350881706,409.2890336156416,6.350881704975109e-06,0.00013361564157321482,"{'x': 404.50311958000003, 'y': 60.20655515999999, 'z': -18.935238879999996, 'error': 0.0005972127399530001}","{'x': 403.2925031, 'y': 59.170234660000006, 'z': -18.771169320000006, 'error': 0.0009581005047600001}","{'x': 405.27949388, 'y': 59.29261964, 'z': -18.997675039999997, 'error': 0.0020023547664510003}","{'x': 404.28581197999995, 'y': 59.231562180000005, 'z': -18.862693540000002, 'error': 0.0013620684072860002}"
4321,P102,"{'x': 304.040208935, 'y': 86.210614375, 'z': -11.152610420000002}",321,8,304.040208935,86.210614375,-11.152610420000002,51.830690000000004,51.830690000000004,316.2959,195.3004686148578,248.4563264221634,-11.148100430137294,51.830686675431956,316.29481082307484,-0.11672582917421329,51.830686675431956,316.29481082307484,-3.324568048412857e-06,-0.001089176925177071,"{'x': 303.43921237999996, 'y': 85.76381822, 'z': -11.109176999999999, 'error': 0.000240070398596}","{'x': 305.03583249999997, 'y': 85.75556895999999, 'z': -11.219445699999998, 'error': -0.000177807487947}","{'x': 303.44375468, 'y': 86.96376356, 'z': -11.137180160000002, 'error': 0.000148305455895}","{'x': 304.24203617999996, 'y': 86.35930676000001, 'z': -11.14463882, 'error': 0.0008130949289090001}"
4011,P109,"{'x': 54.49057974, 'y': 32.257152555, 'z': -0.4270556}",11,8,54.49057974,32.257152555,-0.4270556,66.62454,66.62454,63.3246,25.123533785531215,58.12534708933366,-0.42615292877003874,66.62453850445003,63.32450973931631,-0.018838398051179154,66.62453850445003,63.32450973931631,-1.4955499665347816e-06,-9.026068368456208e-05,"{'x': 55.14125800000001, 'y': 31.88366358, 'z': -0.42249501999999906, 'error': 0.00036462756358200004}","{'x': 54.50908276, 'y': 33.35164844, 'z': -0.46236692, 'error': -0.0016783359743110001}","{'x': 54.03758262, 'y': 31.4106681, 'z': -0.429236919999999, 'error': -0.000623398138522}","{'x': 54.27439558, 'y': 32.38263010000001, 'z': -0.39412353999999905, 'error': 0.002120459126149}"
4534,P113,"{'x': 367.99316468999996, 'y': 176.33021684, 'z': -18.800554745}",534,8,367.99316468999996,176.33021684,-18.800554745,61.60221,61.60221,408.65,194.0685879418461,358.9553149144035,-18.794692013853524,61.60220182737205,408.6499605451936,-0.05914165669567344,61.60220182737205,408.6499605451936,-8.172627950386868e-06,-3.9454806369576545e-05,"{'x': 368.33050746000004, 'y': 175.66021622000002, 'z': -18.810708500000004, 'error': 0.000302688619726}","{'x': 368.60597631999997, 'y': 177.2343231, 'z': -18.935062379999998, 'error': 0.003571956529463}","{'x': 367.15404665999995, 'y': 175.87305104, 'z': -18.688792439999997, 'error': 0.0013865084698120001}","{'x': 367.88212832, 'y': 176.553277, 'z': -18.76765566, 'error': 0.001330977469629}"
9517,P008,"{'z': -18.975914385000003, 'y': 113.628479965, 'x': 393.61288216}",517,9,393.61288216,113.628479965,-18.975914385000003,232.10241000000002,-127.89758999999998,410.2873,-251.6505132356265,-323.2874887477546,-18.969378390280458,-127.8975798772962,410.28732689482024,-0.07342099411762074,-127.8975798772962,410.28732689482024,1.012270378453195e-05,2.6894820223333227e-05,"{'error': 0.001035752496008, 'z': -18.93599886, 'y': 114.13068122, 'x': 393.0560113}","{'error': -0.00019320979923, 'z': -18.909728920000003, 'y': 112.5606751, 'x': 393.37168092}","{'error': 0.0007457381814570001, 'z': -19.08566422, 'y': 114.36114114, 'x': 394.22569574}","{'error': -0.000516005871814, 'z': -18.972265540000002, 'y': 113.46142239999999, 'x': 393.79814068}"
9150,P024,"{'z': -6.522116410000001, 'y': 14.328498625000002, 'x': 241.417895205}",150,9,241.417895205,14.328498625000002,-6.522116410000001,219.3966,-140.6034,241.9649,-186.88914530781256,-153.49398333455872,-6.518347269268575,-140.60338522090973,241.9632840649266,-0.12772196400740563,-140.60338522090973,241.9632840649266,1.4779090264482875e-05,-0.0016159350734028521,"{'error': -0.0024426051927340002, 'z': -6.493023580000001, 'y': 14.57116882, 'x': 240.71152607999997}","{'error': -0.00034528545948, 'z': -6.52659708, 'y': 13.248939459999999, 'x': 241.61015590000002}","{'error': -0.0017285943845480002, 'z': -6.55034134, 'y': 15.24561854, 'x': 241.6966793}","{'error': -0.001348437998351, 'z': -6.5185036400000005, 'y': 14.248267679999998, 'x': 241.65321954}"
9542,P026,"{'z': -19.32273827, 'y': 202.38795473, 'x': 357.36694934}",542,9,357.36694934,202.38795473,-19.32273827,245.52422,-114.47577999999999,411.3277,-170.15542439923996,-373.79058154908,-19.31637465539522,-114.47578381351934,411.3291116982919,-0.3191882834257703,-114.47578381351934,411.3291116982919,-3.8135193562993663e-06,0.0014116982919176735,"{'error': 0.00034757385829000005, 'z': -19.318045020000003, 'y': 201.72286223999998, 'x': 357.71408242}","{'error': 0.001375739279384, 'z': -19.43256436, 'y': 203.29902228, 'x': 357.97035944}","{'error': 0.000172890151872, 'z': -19.22467154, 'y': 201.92119832, 'x': 356.53280422}","{'error': -0.00031451225564800003, 'z': -19.31567216, 'y': 202.60873608, 'x': 357.25055127999997}"
9321,P042,"{'z': -11.17137477, 'y': 86.107218555, 'x': 304.21175093}",321,9,304.21175093,86.107218555,-11.17137477,231.80417999999997,-128.19582000000003,316.4338,-195.50000267637014,-248.47354924365828,-11.166330702639444,-128.19581301846387,316.43257904517725,-0.12522077467622678,-128.19581301846387,316.43257904517725,6.98153615985575e-06,-0.0012209548227701816,"{'error': 0.002790572424169, 'z': -11.17756332, 'y': 85.40508747999999, 'x': 304.48289065999995}","{'error': -0.0020276955857400003, 'z': -11.241150379999999, 'y': 86.945438, 'x': 304.91265383999996}","{'error': 0.0009421442526040001, 'z': -11.10735278, 'y': 85.73002096000002, 'x': 303.32949315999997}","{'error': 0.007560860158003, 'z': -11.1594326, 'y': 86.34832778, 'x': 304.12196606}"
9496,P052,"{'z': -16.157103215, 'y': 185.7155745, 'x': 330.4842770875}",496,9,330.4842770875,185.7155745,-16.157103215,245.3338,-114.6662,379.5619,-158.20663733529722,-344.50106315302196,-16.15122456448245,-114.66620100906988,379.5615019742922,-0.11952666086680898,-114.66620100906988,379.5615019742922,-1.0090698765452544e-06,-0.00039802570779556845,"{'error': -0.0005236846252900001, 'z': -16.099152359999998, 'y': 185.73875424, 'x': 329.73750452499996}","{'error': 0.006936633136601001, 'z': -16.15010254, 'y': 184.73476852000002, 'x': 330.99066225}","{'error': 0.002736763233854, 'z': -16.20944654, 'y': 186.67756163999996, 'x': 330.4771136}","{'error': -0.00208988285235, 'z': -16.169711420000002, 'y': 185.7112136, 'x': 330.731827975}"
9011,P062,"{'z': -0.48239347000000005, 'y': 32.35957335, 'x': 54.451972115000004}",11,9,54.451972115000004,32.35957335,-0.48239347000000005,246.72206,-113.27794,63.3443,-25.032088717722583,-58.18552088942054,-0.48141724131650576,-113.27793815766987,63.34409807165365,-0.0738506630763127,-113.27793815766987,63.34409807165365,1.8423301355596777e-06,-0.00020192834634968904,"{'error': -5.978456582267367e-05, 'z': -0.49718864, 'y': 32.19878542, 'x': 55.184221179999994}","{'error': -0.00041382217385800004, 'z': -0.49614274, 'y': 33.41156656, 'x': 54.14309806}","{'error': 0.000524742749278, 'z': -0.47447376, 'y': 31.41519544, 'x': 54.2729731}","{'error': 0.000942891911558, 'z': -0.46176874, 'y': 32.41274598, 'x': 54.20759611999999}"
9239,P069,"{'z': -7.687401670000001, 'y': 149.58894135499997, 'x': 215.3346922125}",239,9,215.3346922125,149.58894135499997,-7.687401670000001,250.78697999999997,-109.21302000000003,262.3505,-86.28329701163203,-247.5906600318879,-7.683447576090504,-109.21302331145877,262.3487683530407,-0.1409319643371961,-109.21302331145877,262.3487683530407,-3.3114587409954765e-06,-0.0017316469592856265,"{'error': 0.0023792844321600002, 'z': -7.65762328, 'y': 148.86281526, 'x': 215.1403259}","{'error': -0.0011151735847990001, 'z': -7.74630916, 'y': 149.84762501999998, 'x': 216.397874725}","{'error': 0.0009491803027930001, 'z': -7.6574494600000005, 'y': 149.81744460000002, 'x': 214.4010658}","{'error': -0.002425818626362, 'z': -7.6882247800000005, 'y': 149.82788053999997, 'x': 215.39950242499998}"
9075,P088,"{'z': -2.79832599, 'y': 41.251056084999995, 'x': 153.038165105}",75,9,153.038165105,41.251056084999995,-2.79832599,231.08541,-128.91459,158.5353,-99.56372649299612,-123.326430245931,-2.7957974321720283,-128.914584463044,158.53408649622594,-0.13250072526427514,-128.914584463044,158.53408649622594,5.536955995921744e-06,-0.0012135037740677035,"{'error': 6.500691656707858e-05, 'z': -2.7867911999999997, 'y': 40.5408342, 'x': 152.79754229999998}","{'error': -0.0005611662635250001, 'z': -2.83606528, 'y': 41.445901879999994, 'x': 154.11639035999997}","{'error': -0.000483849983885, 'z': -2.7787623, 'y': 41.530502139999996, 'x': 152.11971956000002}","{'error': -0.000515155206296, 'z': -2.79168518, 'y': 41.48698612, 'x': 153.1190082}"
9482,P093,"{'z': -18.911615320000003, 'y': 59.5725824, 'x': 404.18001293}",482,9,404.18001293,59.5725824,-18.911615320000003,224.38452999999998,-135.61547000000002,409.1472,-291.97276509392276,-285.7665568755091,-18.905151042193264,-135.61546072304702,409.14746550926355,-0.12126117704101572,-135.61546072304702,409.14746550926355,9.276952994241583e-06,0.00026550926355639604,"{'error': -0.0006802177806250001, 'z': -18.94294566, 'y': 60.30781032, 'x': 404.32068488}","{'error': -0.009186645299979, 'z': -18.7847781, 'y': 59.2377024, 'x': 403.15293549999996}","{'error': -0.002874017387746, 'z': -19.033691840000003, 'y': 59.418789219999994, 'x': 405.11749657999997}","{'error': 0.0031880033428610005, 'z': -18.88504568, 'y': 59.32602766, 'x': 404.12893476}"
9534,P098,"{'z': -18.808052585, 'y': 176.674731625, 'x': 367.44394748}",534,9,367.44394748,176.674731625,-18.808052585,241.67922000000002,-118.32077999999998,408.3063,-193.4217372680379,-358.91125445620895,-18.80164553248421,-118.32077953344957,408.3064484026443,-0.09986629345259544,-118.32077953344957,408.3064484026443,4.665504178547053e-07,0.00014840264429949457,"{'error': 0.00022785970916700001, 'z': -18.73037554, 'y': 176.59314956, 'x': 366.70232598}","{'error': 0.001626555737961, 'z': -18.82911216, 'y': 175.7772081, 'x': 368.07701036000003}","{'error': 0.000928850943119, 'z': -18.851113320000003, 'y': 177.62562148, 'x': 367.30725694}","{'error': -0.002761121087043, 'z': -18.82160932, 'y': 176.70294736, 'x': 367.68919664}"
9439,P101,"{'z': -19.042535135, 'y': 14.115259365, 'x': 409.580911545}",439,9,409.580911545,14.115259365,-19.042535135,217.97378999999998,-142.02621000000002,410.4314,-323.06133347700757,-252.1653841365938,-19.036184685368767,-142.0261971838034,410.4316733609038,-0.1263219027345881,-142.0261971838034,410.4316733609038,1.2816196630183185e-05,0.000273360903804587,"{'error': -0.001001300904326, 'z': -19.10991254, 'y': 13.64967726, 'x': 410.1636146000001}","{'error': 0.001028444756267, 'z': -19.077514060000002, 'y': 15.196764139999999, 'x': 409.76684370000004}","{'error': 0.0016284659758630002, 'z': -18.97184488, 'y': 13.34407856, 'x': 409.00963304}","{'error': 0.0030958273027080004, 'z': -19.01086906, 'y': 14.2705175, 'x': 409.38355484}"
9541,P107,"{'z': -14.79487041, 'y': 207.673923, 'x': 295.31524011}",541,9,295.31524011,207.673923,-14.79487041,251.11596,-108.88404,361.4448,-116.84748224338685,-341.59387670837856,-14.789436751854922,-108.88404808747595,361.44356279036083,-0.3052826716173213,-108.88404808747595,361.44356279036083,-8.087475947604617e-06,-0.0012372096391572995,"{'error': 0.000653384567602, 'z': -14.760404399999999, 'y': 208.005464, 'x': 294.6427648}","{'error': -0.000886868976496, 'z': -14.737018819999998, 'y': 206.5808509, 'x': 295.37084012}","{'error': 0.001909132048443, 'z': -14.886635380000001, 'y': 208.54800256000004, 'x': 295.7078983}","{'error': 0.0008799985352220001, 'z': -14.79542304, 'y': 207.56137454, 'x': 295.53945722}"
5439,P013,"{'x': 409.656825755, 'z': -19.034300325, 'y': 14.388968075000001}",439,10,409.656825755,14.388968075000001,-19.034300325,74.01165999999999,74.01165999999999,410.5155,112.90634784323605,394.05355975285204,-19.026607652875832,74.011648118338,410.51567686936124,-0.1083875152320927,74.011648118338,410.51567686936124,-1.1881661990287284e-05,0.0001768693612689276,"{'x': 410.35168142000003, 'z': -19.1324513, 'y': 14.655443120000001, 'error': 0.000744362320694}","{'x': 408.82594738, 'z': -18.942782899999997, 'y': 15.098306679999999, 'error': -0.0005900211780380001}","{'x': 410.02496386, 'z': -19.065268120000002, 'y': 13.50194832, 'error': 0.000179136229122}","{'x': 409.42471035999995, 'z': -18.996698979999998, 'y': 14.300174179999999, 'error': 0.0013479133215750002}"
5239,P017,"{'x': 215.461747355, 'z': -7.679712500000001, 'y': 149.62136605999999}",239,10,215.461747355,149.62136605999999,-7.679712500000001,106.77696,106.77696,262.4727,-75.71693701815343,251.15202614265607,-7.674748589957853,106.77693002011875,262.4711098588785,-0.12502717036892333,106.77693002011875,262.4711098588785,-2.9979881247754747e-05,-0.0015901411214827021,"{'x': 215.08144691999996, 'z': -7.64567126, 'y': 148.97574568, 'error': 0.00017526419239800002}","{'x': 216.55701185999996, 'z': -7.728262580000001, 'y': 149.59005924000002, 'error': -0.00011307303591300001}","{'x': 214.62002928, 'z': -7.6694848600000025, 'y': 150.08357107999998, 'error': -0.00037328324426200003}","{'x': 215.58850136, 'z': -7.6754313, 'y': 149.83608823999998, 'error': -0.0006197260388600001}"
5496,P035,"{'x': 330.70017859, 'z': -16.187545964999998, 'y': 185.77580630999998}",496,10,330.70017859,185.77580630999998,-16.187545964999998,101.32576,101.32576,379.7814,-74.4911748787729,371.92279014019823,-16.180210610944606,101.32572452000704,379.7810087005324,-0.1291824862570001,101.32572452000704,379.7810087005324,-3.547999295960835e-05,-0.0003912994675943082,"{'x': 330.19077916000003, 'z': -16.173447539999998, 'y': 186.32596284000002, 'error': 5.829003523083465e-06}","{'x': 330.35917284, 'z': -16.116678280000002, 'y': 184.73604296, 'error': -0.00035315908825300004}","{'x': 331.37984978000003, 'z': -16.27823776, 'y': 186.44894943999998, 'error': 0.00018480145258000001}","{'x': 330.87091258, 'z': -16.18182028, 'y': 185.59227, 'error': 0.0007358289085020001}"
5541,P040,"{'x': 295.57617690999996, 'z': -14.767591240000002, 'y': 207.66266117000004}",541,10,295.57617690999996,207.66266117000004,-14.767591240000002,107.09069,107.09069,361.6488,-106.16073424376877,345.2812742694402,-14.760766059173863,107.09065302030743,361.64771443153955,-0.2595908208602062,107.09065302030743,361.64771443153955,-3.697969256677425e-05,-0.00108556846043939,"{'x': 296.16427548, 'z': -14.855294879999999, 'y': 208.12204756, 'error': 0.0014905188532510002}","{'x': 294.57117982, 'z': -14.7114935, 'y': 208.09485064, 'error': -0.0014759518248870002}","{'x': 296.18981292, 'z': -14.77474888, 'y': 206.92417770000003, 'error': -0.000513445187655}","{'x': 295.37943942, 'z': -14.7288277, 'y': 207.50956878000002, 'error': 0.0022806609328940002}"
5150,P063,"{'x': 241.798868045, 'z': -6.555185865, 'y': 14.393030215}",150,10,241.798868045,14.393030215,-6.555185865,75.4065,75.4065,242.3503,61.03146466384443,234.41218608186088,-6.550607158232274,75.40648615949468,242.34850156427788,-0.13907369038501527,75.40648615949468,242.34850156427788,-1.384050531783032e-05,-0.001798435722122349,"{'x': 242.43268014, 'z': -6.592222380000001, 'y': 14.79237046, 'error': 0.00014140318271100002}","{'x': 240.83963346000002, 'z': -6.516066479999999, 'y': 14.922348799999998, 'error': -0.0006156026973280001}","{'x': 242.33624643999997, 'z': -6.5733035, 'y': 13.597774359999999, 'error': -0.0007335094272760001}","{'x': 241.58691214, 'z': -6.539151100000001, 'y': 14.25962724, 'error': 0.000955719384562}"
5517,P071,"{'x': 393.86605569999995, 'z': -19.03977943, 'y': 113.68152896000001}",517,10,393.86605569999995,113.68152896000001,-19.03977943,88.09971999999999,88.09971999999999,410.5503,13.593900714727503,409.71877328722593,-19.031738108641367,88.0997025822363,410.5504418069815,-0.11010778995916111,88.0997025822363,410.5504418069815,-1.741776368646697e-05,0.0001418069815031231,"{'x': 393.72261493999997, 'z': -19.052342439999997, 'y': 114.41737681999999, 'error': -9.658982091942382e-05}","{'x': 393.0295732, 'z': -18.928368499999998, 'y': 112.97943842, 'error': 0.0008460974592950001}","{'x': 394.7998775, 'z': -19.15230482, 'y': 113.89308994000001, 'error': 0.0033763277917950004}","{'x': 393.91215716, 'z': -19.02610196, 'y': 113.43621066, 'error': -1.3028110201956931e-05}"
5321,P086,"{'x': 303.874023435, 'z': -11.143955675, 'y': 86.56076870000001}",321,10,303.874023435,86.56076870000001,-11.143955675,87.9,87.9,316.2313,11.578175080156246,315.7503345103904,-11.13775907108043,87.89997537005902,316.23021400261246,-0.11094408632102273,87.89997537005902,316.23021400261246,-2.4629940980958054e-05,-0.0010859973875199103,"{'x': 303.20814555999993, 'z': -11.10996768, 'y': 86.89916092000001, 'error': -0.0021983062910120002}","{'x': 303.91441928000006, 'z': -11.1248121, 'y': 85.46516166, 'error': -0.00038137870138300005}","{'x': 304.27678544, 'z': -11.19632002, 'y': 87.43062161999998, 'error': -0.000698250141503}","{'x': 304.09674346, 'z': -11.1447229, 'y': 86.4481306, 'error': -0.000416066739434}"
5534,P092,"{'x': 367.959794535, 'z': -18.85778361, 'y': 176.82951437}",534,10,367.959794535,176.82951437,-18.85778361,97.66743000000001,97.66743000000001,408.8406,-54.46887922209734,404.594278915334,-18.84981484719989,97.6673974556385,408.8406728570777,-0.09581123893140941,97.6673974556385,408.8406728570777,-3.254436151678419e-05,7.285707772552996e-05,"{'x': 368.62606096, 'z': -18.956535780000003, 'y': 177.16320834000004, 'error': 0.0017745344737860002}","{'x': 367.0644185, 'z': -18.8012059, 'y': 177.45374012000002, 'error': -0.003942055573818}","{'x': 368.41143694000004, 'z': -18.8574913, 'y': 175.98010958, 'error': 0.0013132248125700002}","{'x': 367.73726174, 'z': -18.81590146, 'y': 176.72099944, 'error': 0.001098485403713}"
5075,P094,"{'x': 152.85136956000002, 'z': -2.744724664999999, 'y': 41.32333500833334}",75,10,152.85136956000002,41.32333500833334,-2.744724664999999,87.12825,87.12825,158.3721,7.932905432223058,158.1399561586489,-2.741622040869236,87.12823165204475,158.3712463701339,-0.08397764792695618,87.12823165204475,158.3712463701339,-1.8347955247577374e-05,-0.0008536298660999364,"{'x': 152.21671696, 'z': -2.730450119999999, 'y': 40.919411233333335, 'error': 0.002524149886207}","{'x': 153.81559848, 'z': -2.76925636, 'y': 40.79885276666667, 'error': 0.0010165888388780002}","{'x': 152.30993496000002, 'z': -2.74139454, 'y': 42.11710443333333, 'error': 0.00014984044048100002}","{'x': 153.06322784, 'z': -2.73779764, 'y': 41.4579716, 'error': 0.0011153645150230001}"
5542,P097,"{'x': 356.49626231, 'z': -19.31469259, 'y': 202.73171614}",542,10,356.49626231,202.73171614,-19.31469259,101.62595,101.62595,410.7421,-82.64576461505551,401.6960526013643,-19.306769121196034,101.6259212600378,410.7436670624653,-0.36751562634160195,101.6259212600378,410.7436670624653,-2.8739962203871983e-05,0.0015670624653125742,"{'x': 355.7863529, 'z': -19.2501465, 'y': 202.49014892, 'error': 0.0027568208150380003}","{'x': 357.30896064, 'z': -19.3228546, 'y': 201.99542981999997, 'error': -0.00024018993527300002}","{'x': 356.1551442, 'z': -19.359798700000002, 'y': 203.62902221999997, 'error': 0.000317339767719}","{'x': 356.73459149999996, 'z': -19.325970560000002, 'y': 202.8122636, 'error': 0.0018251153594510002}"
5011,P105,"{'x': 54.025261256250005, 'z': -0.506472454999999, 'y': 32.653117179999995}",11,10,54.025261256250005,32.653117179999995,-0.506472454999999,103.14896,103.14896,63.1296,-14.360211844283723,61.471462139138424,-0.5052592110419928,103.14893415723466,63.12923327204726,-0.10048334123441872,103.14893415723466,63.12923327204726,-2.5842765339234575e-05,-0.0003667279527448386,"{'x': 53.597608225, 'z': -0.5156740400000001, 'y': 33.2673462, 'error': -0.0014021220377490001}","{'x': 53.537073775, 'z': -0.49039735999999906, 'y': 31.67531386, 'error': -0.0038836423312340004}","{'x': 54.798828, 'z': -0.52386702, 'y': 33.223683300000005, 'error': 0.0006811810199820001}","{'x': 54.16753502500001, 'z': -0.49595140000000004, 'y': 32.44612536, 'error': 0.0013923853650920001}"
5482,P131,"{'x': 403.98026503000006, 'z': -18.85970935, 'y': 59.46124789500001}",482,10,403.98026503000006,59.46124789500001,-18.85970935,80.37316,80.37316,408.9293,68.28591214358616,402.5829444230353,-18.85183074651561,80.37314548047482,408.9293276226673,-0.08911959299647829,80.37314548047482,408.9293276226673,-1.4519525180389792e-05,2.7622667289506353e-05,"{'x': 403.25862268000003, 'z': -18.78808842, 'y': 59.631394840000006, 'error': -0.005019323770273001}","{'x': 404.27520169999997, 'z': -18.872154279999997, 'y': 58.40566104, 'error': -0.000813268011079}","{'x': 404.1657397, 'z': -18.89902864, 'y': 60.402935760000005, 'error': -0.00011533696089200001}","{'x': 404.22149604000003, 'z': -18.879566060000002, 'y': 59.40499994, 'error': -0.0015034777721900001}"
6534,P021,"{'y': 176.85301304, 'z': -18.865276365, 'x': 367.779216645}",534,10,367.779216645,176.85301304,-18.865276365,133.68138000000002,133.68138000000002,408.6895,-281.8477635048205,295.1284345490051,-18.854331662819508,133.6814151748419,408.68949965571323,-0.11521213458872903,133.6814151748419,408.68949965571323,3.517484188364506e-05,-3.4428677508913097e-07,"{'y': 177.5293334, 'z': -18.93368614, 'error': 0.0011031558401310001, 'x': 368.09846046}","{'y': 176.78906883999997, 'z': -18.75703264, 'error': 0.000484382309278, 'x': 366.68905752}","{'y': 176.46635384, 'z': -18.93523534, 'error': 3.6566499698298394e-05, 'x': 368.65592364}","{'y': 176.62729608, 'z': -18.83515134, 'error': 0.0010926995713740001, 'x': 367.67342496}"
6075,P022,"{'y': 41.70789801, 'z': -2.79614294, 'x': 152.88255825}",75,10,152.88255825,41.70789801,-2.79614294,123.25953,123.25953,158.5047,-86.91000565165622,132.51150942754924,-2.791978719877683,123.25957079482134,158.50341061125698,-0.12974938454444646,123.25957079482134,158.50341061125698,4.0794821345002674e-05,-0.0012893887430323048,"{'y': 42.378056779999994, 'z': -2.8052720399999993, 'error': 0.00064452553923, 'x': 152.5447403}","{'y': 40.8013812, 'z': -2.76940044, 'error': 0.0005086681309900001, 'x': 152.2646441}","{'y': 42.1677502, 'z': -2.8255516800000002, 'error': -0.00045908062639800004, 'x': 153.72501519999997}","{'y': 41.48440386, 'z': -2.7843476000000003, 'error': 0.0008386428313210001, 'x': 152.99583339999998}"
6517,P028,"{'y': 113.71094534999999, 'z': -19.055596135000002, 'x': 394.04028345}",517,10,394.04028345,113.71094534999999,-19.055596135000002,124.09692,124.09692,410.7266,-229.9112333152674,339.6161982797771,-19.04478802188276,124.09696684516643,410.72654288028394,-0.10580735554549459,124.09696684516643,410.72654288028394,4.684516643749248e-05,-5.7119716075249016e-05,"{'y': 114.32919093999999, 'z': -19.123158059999998, 'error': 0.0005653306549400001, 'x': 394.46029058000005}","{'y': 113.81642508, 'z': -18.94754572, 'error': -0.000251956120234, 'x': 392.95408086}","{'y': 113.19408882, 'z': -19.1237146, 'error': -0.0009978488500240002, 'x': 394.84604235999996}","{'y': 113.50407656, 'z': -19.02796616, 'error': 0.001069847593193, 'x': 393.90072}"
6542,P032,"{'y': 202.400863905, 'z': -19.368694660000003, 'x': 356.687985725}",542,10,356.687985725,202.400863905,-19.368694660000003,137.57253,137.57253,410.7507,-302.71783377952227,276.6853247708717,-19.35770583927048,137.57256182613656,410.7523675858693,-0.4178679089892116,137.57256182613656,410.7523675858693,3.182613656349531e-05,0.0016675858693133705,"{'y': 202.2396269, 'z': -19.30957896, 'error': 0.00012390946629, 'x': 355.95788722}","{'y': 201.57953786000002, 'z': -19.38217264, 'error': -0.00045368996876900004, 'x': 357.41423388}","{'y': 203.33043408, 'z': -19.404563, 'error': -8.404186878119281e-05, 'x': 356.44841158}","{'y': 202.45385678, 'z': -19.37846404, 'error': -0.0006825911566640001, 'x': 356.93141022}"
6496,P041,"{'y': 185.846120425, 'z': -16.20759072, 'x': 330.943410985}",496,10,330.943410985,185.846120425,-16.20759072,137.31703000000002,137.31703000000002,380.0288,-279.01775523861704,257.31642959928286,-16.197418615226418,137.31705624663874,380.0282088156739,-0.1245436506352952,137.31705624663874,380.0282088156739,2.6246638725524463e-05,-0.0005911843260832939,"{'y': 186.29511195999999, 'z': -16.2810877, 'error': 0.0011032583215440002, 'x': 331.54091470000003}","{'y': 186.29702494000003, 'z': -16.15457458, 'error': 0.000101734297631, 'x': 329.94476829999996}","{'y': 185.09600088, 'z': -16.21780174, 'error': -0.000152646200061, 'x': 331.54330066}","{'y': 185.69634392, 'z': -16.17689886, 'error': 0.000752536294848, 'x': 330.74466027999995}"
6439,P055,"{'y': 13.957125269999999, 'z': -18.979454875000002, 'x': 409.21354469000005}",439,10,409.21354469000005,13.957125269999999,-18.979454875000002,109.95343999999999,109.95343999999999,410.0544,-139.72853249320144,384.8725025665511,-18.96949232184419,109.95350344428394,410.0543400836128,-0.0965481719635557,109.95350344428394,410.0543400836128,6.344428395266277e-05,-5.991638721525305e-05,"{'y': 13.36327502, 'z': -18.92740388, 'error': -0.0008511589612810001, 'x': 408.75999564000006}","{'y': 13.792702120000001, 'z': -19.104220259999998, 'error': -0.000278217211297, 'x': 410.29056742}","{'y': 14.51784232, 'z': -18.89572624, 'error': -0.00035821364384400005, 'x': 408.43840454}","{'y': 14.15468162, 'z': -18.99046912, 'error': -0.0006958822231230001, 'x': 409.36521116000006}"
6239,P057,"{'y': 149.68073600999998, 'z': -7.667889324999999, 'x': 215.390704185}",239,10,215.390704185,149.68073600999998,-7.667889324999999,142.79647,142.79647,262.4475,-208.9144631154386,158.59487056447873,-7.660920865138355,142.79649187300257,262.4460624474328,-0.11265736390616067,142.79649187300257,262.4460624474328,2.187300256650815e-05,-0.001437552567210787,"{'y': 149.22211695999997, 'z': -7.628932139999999, 'error': 0.00016358148088, 'x': 214.79846582}","{'y': 149.24575957999997, 'z': -7.70604822, 'error': -0.000492333775868, 'x': 216.39641248000004}","{'y': 150.4215078, 'z': -7.6709812799999995, 'error': -0.0006267416426980001, 'x': 214.77997654}","{'y': 149.8335597, 'z': -7.665595659999999, 'error': -0.00045852598938700005, 'x': 215.58796190000004}"
6321,P061,"{'y': 86.460330185, 'z': -11.175877579999998, 'x': 304.26979842500003}",321,10,304.26979842500003,86.460330185,-11.175877579999998,123.86286000000001,123.86286000000001,316.5859,-176.25356007037186,262.6601772960872,-11.16754806726762,123.86290196209316,316.58467150630065,-0.11564791571159469,123.86290196209316,316.58467150630065,4.196209314955013e-05,-0.001228493699329647,"{'y': 86.76603345999999, 'z': -11.231057719999999, 'error': -3.74132252893844e-05, 'x': 304.95228986}","{'y': 87.12054232000001, 'z': -11.13368004, 'error': -0.0007563821038150001, 'x': 303.39580178000006}","{'y': 85.59634471999999, 'z': -11.185942059999999, 'error': -0.000412842211721, 'x': 304.6888202}","{'y': 86.35840024, 'z': -11.1528305, 'error': 0.000369065448625, 'x': 304.04228186000006}"
6482,P070,"{'y': 59.544354760000004, 'z': -18.896461735000003, 'x': 404.15012144499997}",482,10,404.15012144499997,59.544354760000004,-18.896461735000003,116.38122,116.38122,409.1122,-181.519868043575,365.9696469968064,-18.88606799279341,116.38127618114396,409.11217306280827,-0.10554991033665681,116.38127618114396,409.11217306280827,5.618114396099827e-05,-2.6937191705656005e-05,"{'y': 60.28647154, 'z': -18.927421119999998, 'error': 0.00020924356911000003, 'x': 404.25485004}","{'y': 59.15506922000001, 'z': -18.78163422, 'error': 0.0005241102074, 'x': 403.13050824}","{'y': 59.438974400000006, 'z': -18.997883820000002, 'error': -0.00023130048345500003, 'x': 405.09938888}","{'y': 59.29690388, 'z': -18.87890778, 'error': 0.00044412151995000006, 'x': 404.11573861999995}"
6011,P077,"{'y': 32.271469545, 'z': -0.49846637999999904, 'x': 54.043834419999996}",11,10,54.043834419999996,32.271469545,-0.49846637999999904,138.84291000000002,138.84291000000002,62.9488,-47.392488453290355,41.426292546468005,-0.49678193186712927,138.84293823229913,62.948539562175434,-0.09434398503134629,138.84293823229913,62.948539562175434,2.8232299115416026e-05,-0.0002604378245649741,"{'y': 32.0519323, 'z': -0.49754717999999903, 'error': -0.000683170309113, 'x': 53.3275046}","{'y': 31.508975479999997, 'z': -0.505271439999999, 'error': -0.000817267940401, 'x': 54.8312059}","{'y': 33.1800868, 'z': -0.506827259999999, 'error': -0.0011339192393130001, 'x': 53.73543234}","{'y': 32.3448836, 'z': -0.48421963999999906, 'error': -0.0011374635371000001, 'x': 54.28119484}"
6150,P095,"{'y': 14.027568885000003, 'z': -6.54343816, 'x': 241.690636245}",150,10,241.690636245,14.027568885000003,-6.54343816,111.32168,111.32168,242.2203,-88.02777717828295,225.52677342455837,-6.537483956975661,111.32173281883229,242.21859308377168,-0.13300305668519294,111.32173281883229,242.21859308377168,5.2818832287471196e-05,-0.0017069162283291917,"{'y': 13.330219959999999, 'z': -6.552317479999999, 'error': 0.000267014702027, 'x': 241.96699866}","{'y': 14.873982360000003, 'z': -6.581838139999999, 'error': -0.00018243797078500002, 'x': 242.38698319999997}","{'y': 13.646140120000002, 'z': -6.50455072, 'error': 9.210281732330296e-05, 'x': 240.80965876}","{'y': 14.259933100000001, 'z': -6.5350463, 'error': -4.34228661331526e-05, 'x': 241.59890436}"
