id,index,center,device_loc,petal_id,x,y,z,q,s,t,pinhole1,pinhole2,pinhole3,pinhole4
7482,P010,"{'x': 403.85418030000005, 'y': 59.571288675000005, 'z': -18.895971799999998}",482,2,403.85418030000005,59.571288675000005,-18.895971799999998,152.39101539187502,408.82536671098563,-0.1437182989798514,,,,
7150,P014,"{'x': 241.6937129, 'y': 14.192133875, 'z': -6.5802239}",150,2,241.6937129,14.192133875,-6.5802239,147.36052071071387,242.2329041429752,-0.17500380317628042,,,,
7011,P018,"{'x': 54.223540775000004, 'y': 32.156358325, 'z': -0.5668154000000001}",11,2,54.223540775000004,32.156358325,-0.5668154000000001,174.66934693663657,63.044772351591256,-0.16313633717693393,,,,
7517,P023,"{'x': 393.97229475, 'y': 113.57465865, 'z': -19.010854375}",517,2,393.97229475,113.57465865,-19.010854375,160.08125721933033,410.61997581436884,-0.08223333714395145,,,,
7542,P050,"{'x': 357.2379699, 'y': 202.29390832500002, 'z': -19.269054475}",542,2,357.2379699,202.29390832500002,-19.269054475,173.52166881671025,411.16614305306155,-0.28776287440472365,,,,
7541,P053,"{'x': 295.36677575, 'y': 207.14586995000002, 'z': -14.688073125}",541,2,295.36677575,207.14586995000002,-14.688073125,179.0426489452036,361.1747887565163,-0.2258694277436842,,,,
7496,P066,"{'x': 330.9546239, 'y': 185.49413135000003, 'z': -16.211662875000002}",496,2,330.9546239,185.49413135000003,-16.211662875000002,173.26984846653033,379.86719337787423,-0.15311838720256082,,,,
7239,P082,"{'x': 215.44959382500002, 'y': 149.3564816, 'z': -7.693678625}",239,2,215.44959382500002,149.3564816,-7.693678625,178.73092548995635,262.311043429157,-0.15339281924727494,,,,
7534,P096,"{'x': 367.930019325, 'y': 176.98370069999999, 'z': -18.899364025}",534,2,367.930019325,176.98370069999999,-18.899364025,169.68873832835982,408.8851617514028,-0.14124911022546882,,,,
7439,P104,"{'x': 409.4792344, 'y': 14.102303299999999, 'z': -19.044632725}",439,2,409.4792344,14.102303299999999,-19.044632725,145.97246445292907,410.33073031220465,-0.1447927586324934,,,,
7321,P124,"{'x': 303.9188268500001, 'y': 86.29221365000001, 'z': -11.199992850000001}",321,2,303.9188268500001,86.29221365000001,-11.199992850000001,159.85092941024246,316.2035890178146,-0.17518820161203977,,,,
7075,P125,"{'x': 153.08992505, 'y': 41.684137825, 'z': -2.82696345}",75,2,153.08992505,41.684137825,-2.82696345,159.23154660736103,158.698004639992,-0.15796294449266093,,,,
3517,P006,"{'z': -19.029734089999998, 'y': 113.48506203, 'x': 394.02425360999996}",517,3,394.02425360999996,113.48506203,-19.029734089999998,16.06721651693839,410.64691965435503,-0.09854993891562862,"{'z': -19.12649862, 'error': 0.005516883717593001, 'y': 113.99549013999999, 'x': 394.57266444}","{'z': -18.931141439999998, 'error': 0.014210981421510002, 'y': 113.82599418, 'x': 392.97134698}","{'z': -19.080326239999998, 'error': 0.005672979356584, 'y': 112.80363551999999, 'x': 394.70760936}","{'z': -18.980970059999997, 'error': 0.0014881542436660001, 'y': 113.31512828, 'x': 393.84539366}"
3482,P007,"{'z': -18.8412498, 'y': 59.11414922499999, 'x': 403.96491941499994}",482,3,403.96491941499994,59.11414922499999,-18.8412498,8.325279817480974,408.86263630053656,-0.08504105182693553,"{'z': -18.770071339999998, 'error': 0.0017359249451940001, 'y': 58.69415416, 'x': 403.34565022}","{'z': -18.950996800000002, 'error': -0.000205766304741, 'y': 58.61439942, 'x': 404.93494208000004}","{'z': -18.7897038, 'error': 9.618937310995614e-05, 'y': 59.89253432, 'x': 403.4040371}","{'z': -18.854227260000002, 'error': 0.003584565691864, 'y': 59.255508999999996, 'x': 404.1750482599999}"
3321,P031,"{'z': -11.159405494999998, 'y': 86.12419425000002, 'x': 304.17269208000005}",321,3,304.17269208000005,86.12419425000002,-11.159405494999998,15.809068147096612,316.39907014453274,-0.12065894275857374,"{'z': -11.14701346, 'error': 0.0008038477032990001, 'y': 85.37387806000001, 'x': 304.19338796}","{'z': -11.24297752, 'error': 0.00021094775832300003, 'y': 86.67953813999999, 'x': 305.11516824}","{'z': -11.09977212, 'error': -0.002288748966464, 'y': 86.06941276, 'x': 303.2177078}","{'z': -11.14785888, 'error': 0.000154590905556, 'y': 86.37394803999999, 'x': 304.16450432}"
3239,P037,"{'z': -7.69941112, 'y': 149.748673735, 'x': 215.81828893000002}",239,3,215.81828893000002,149.748673735,-7.69941112,34.755412209194574,262.83724587197145,-0.1281622838511644,"{'z': -7.735394099999999, 'error': 0.000234874994755, 'y': 149.76413503999999, 'x': 216.56740073999998}","{'z': -7.71597628, 'error': -0.0027563751210040004, 'y': 150.69557903999998, 'x': 215.27034166000004}","{'z': -7.670374939999999, 'error': -0.00038833164185900004, 'y': 148.79000998, 'x': 215.86644706}","{'z': -7.67589916, 'error': 0.00045621807837000004, 'y': 149.74497088000004, 'x': 215.56896626000002}"
3011,P051,"{'z': -0.48509085499999904, 'y': 32.420116355000005, 'x': 54.231823639999995}",11,3,54.231823639999995,32.420116355000005,-0.48509085499999904,30.87124077030599,63.18602294442927,-0.07957767723173757,"{'z': -0.49512005999999903, 'error': -0.000181662169999, 'y': 33.064072859999996, 'x': 54.615616579999994}","{'z': -0.484027979999999, 'error': 2.6626007762375895e-05, 'y': 32.45695294, 'x': 53.13551622}","{'z': -0.48679907999999905, 'error': -0.000884893999411, 'y': 31.954274599999998, 'x': 55.07100989999999}","{'z': -0.474416299999999, 'error': -0.000272623865341, 'y': 32.205165019999995, 'x': 54.10515186}"
3075,P083,"{'z': -2.774570324999999, 'y': 41.179510215, 'x': 152.97929915999998}",75,3,152.97929915999998,41.179510215,-2.774570324999999,15.06596530609402,158.45806742036618,-0.11391442416797827,"{'z': -2.76332976, 'error': -0.0012748789147990001, 'y': 40.62703194, 'x': 152.47424374000002}","{'z': -2.80234642, 'error': -0.0021683547668330003, 'y': 40.93105456, 'x': 154.04510198}","{'z': -2.7651832, 'error': 0.00015495743780300002, 'y': 41.805965220000004, 'x': 152.2508019}","{'z': -2.76742192, 'error': -0.007855393425286001, 'y': 41.353989139999996, 'x': 153.14704902}"
3150,P100,"{'z': -6.539233135, 'y': 14.02186476, 'x': 241.62666671499997}",150,3,241.62666671499997,14.02186476,-6.539233135,3.321213099091813,242.15436437430233,-0.1382452396069585,"{'z': -6.5281327000000005, 'error': 0.00045780035757800005, 'y': 13.308517079999998, 'x': 241.39418296}","{'z': -6.588876600000001, 'error': -0.001763363051011, 'y': 14.23306436, 'x': 242.7000979}","{'z': -6.50044344, 'error': 0.0050339111530700005, 'y': 14.28802386, 'x': 240.69914491999998}","{'z': -6.5394798, 'error': 0.0013682163683780002, 'y': 14.257853740000002, 'x': 241.71324108}"
3534,P116,"{'z': -18.86918819, 'y': 176.87083576499998, 'x': 367.77945567}",534,3,367.77945567,176.87083576499998,-18.86918819,25.683621854135147,408.6984172029603,-0.12927110099978822,"{'z': -18.94413808, 'error': -0.00040819565007800003, 'y': 177.50830346000004, 'x': 368.16643812}","{'z': -18.766602139999996, 'error': -0.00012026300400100001, 'y': 176.91517868, 'x': 366.68838482}","{'z': -18.93124536, 'error': -0.001157026753131, 'y': 176.40053731999998, 'x': 368.6135366}","{'z': -18.83476718, 'error': 0.000639701021607, 'y': 176.65932360000002, 'x': 367.64946313999997}"
3439,P121,"{'z': -18.997904395, 'y': 14.305453839999998, 'x': 409.177041685}",439,3,409.177041685,14.305453839999998,-18.997904395,2.002332336593558,410.03248587376765,-0.127270857070851,"{'z': -18.93288328, 'error': 6.837888464328312e-05, 'y': 14.706377380000001, 'x': 408.54657746}","{'z': -18.98988358, 'error': 0.001035707520733, 'y': 13.209456, 'x': 409.11233296}","{'z': -19.05772948, 'error': 0.0009202460288870001, 'y': 15.133436320000001, 'x': 409.66240698}","{'z': -19.01112124, 'error': -0.001286266162782, 'y': 14.172545659999997, 'x': 409.38684933999997}"
3541,P359,"{'z': -14.743447455, 'y': 207.26336747500002, 'x': 295.332581765}",541,3,295.332581765,207.26336747500002,-14.743447455,35.06104308370152,361.2185478002072,-0.2777941241424368,"{'z': -14.6880291, 'error': 0.00019983737600100002, 'y': 206.52725167999998, 'x': 295.19949492}","{'z': -14.85506338, 'error': 0.0014919823387580002, 'y': 207.60885728000002, 'x': 296.36923196}","{'z': -14.68230466, 'error': 0.0014646939041640002, 'y': 207.40927498000002, 'x': 294.38351198}","{'z': -14.74839268, 'error': -0.001037296412894, 'y': 207.50808596000002, 'x': 295.3780882}"
3542,P669,"{'z': -19.27535677, 'y': 202.52555155500002, 'x': 356.800498735}",542,3,356.800498735,202.52555155500002,-19.27535677,29.57992288424948,410.90187046446005,-0.3202746898505555,"{'z': -19.2150353, 'error': 0.0026050448710250003, 'y': 201.87304344, 'x': 356.43055506}","{'z': -19.363428799999998, 'error': 8.92673936148114e-06, 'y': 202.50482214, 'x': 357.89366972000005}","{'z': -19.23548636, 'error': 0.001605510952384, 'y': 202.9811842, 'x': 355.95383402}","{'z': -19.28747662, 'error': 0.00047069627603600004, 'y': 202.74315643999998, 'x': 356.92393614}"
75,P011,"{'x': 152.90321075, 'z': -2.7371585400000003, 'y': 41.32673271}",75,4,152.90321075,41.32673271,-2.7371585400000003,-92.87545469350039,158.4219942736619,-0.07774629019569984,"{'x': 152.17923218, 'error': 0.000316702757002, 'z': -2.73044028, 'y': 41.13017484}","{'x': 153.66554444, 'error': -8.392158957115649e-05, 'z': -2.76179524, 'y': 40.53854118}","{'x': 152.62333628000002, 'error': 0.0012995098027010002, 'z': -2.750057499999999, 'y': 42.24702992}","{'x': 153.1447301, 'error': 0.00186383893481, 'z': -2.7063411399999993, 'y': 41.3911849}"
150,P019,"{'x': 241.30180638499996, 'z': -6.49245531, 'y': 14.24133763}",150,4,241.30180638499996,14.24133763,-6.49245531,-104.62239114634346,241.84114249596132,-0.10843836398184023,"{'x': 240.57452138, 'error': 0.0017574382757340001, 'z': -6.468648400000001, 'y': 14.05297984}","{'x': 242.05841884, 'error': 0.002021436937597, 'z': -6.52596054, 'y': 13.44506926}","{'x': 241.02879223999997, 'error': 0.0008331547841250001, 'z': -6.492693919999999, 'y': 15.163297080000001}","{'x': 241.54549308, 'error': 0.0018115653422010002, 'z': -6.48251838, 'y': 14.30400434}"
439,P043,"{'x': 409.5810925, 'z': -18.996194414999998, 'y': 14.1997572}",439,4,409.5810925,14.1997572,-18.996194414999998,-106.0144092405311,410.4303200033304,-0.08624915340914822,"{'x': 410.3263092, 'error': 0.001037930618871, 'z': -19.08722, 'y': 14.18319856}","{'x': 409.07304454, 'error': -0.000700566587401, 'z': -18.9448229, 'y': 15.16975794}","{'x': 409.59272985999996, 'error': -0.001224226301447, 'z': -18.992180400000002, 'y': 13.240360399999997}","{'x': 409.3322864, 'error': 0.0014162830242210002, 'z': -18.960554359999996, 'y': 14.2057119}"
482,P079,"{'x': 404.0590454, 'z': -18.86651247, 'y': 59.58308056999999}",482,4,404.0590454,59.58308056999999,-18.86651247,-99.61154195768616,409.0256688263376,-0.09440230455149971,"{'x': 403.79689736000006, 'error': 0.00014997624456, 'z': -18.850503579999998, 'y': 60.28564521999999}","{'x': 403.35069434, 'error': -0.001641772528097, 'z': -18.77592004, 'y': 58.75264552}","{'x': 404.94223506, 'error': 0.001071777390733, 'z': -18.97919554, 'y': 59.946788559999995}","{'x': 404.14635484, 'error': 0.001553761357655, 'z': -18.86043072, 'y': 59.34724298}"
496,P080,"{'x': 330.79714022999997, 'z': -16.13559772, 'y': 185.510827275}",496,4,330.79714022999997,185.510827275,-16.13559772,-78.71631920128797,379.7318197810751,-0.08875581333163432,"{'x': 330.78948304000005, 'error': 0.000993159162734, 'z': -16.09504796, 'y': 184.7610689}","{'x': 331.75955910000005, 'error': 0.001427893894515, 'z': -16.254327699999997, 'y': 186.02655712}","{'x': 329.83958862, 'error': -0.00031816958948, 'z': -16.06336422, 'y': 185.49631879999998}","{'x': 330.79993016, 'error': -0.001376207810807, 'z': -16.129651000000003, 'y': 185.75936428}"
542,P081,"{'x': 357.10864086000004, 'z': -19.322429355, 'y': 202.828934555}",542,4,357.10864086000004,202.828934555,-19.322429355,-78.40448925504943,411.32234328243027,-0.3259470919657666,"{'x': 356.56952388, 'error': 0.000239097516093, 'z': -19.30996078, 'y': 203.35038070000002}","{'x': 356.82900362000004, 'error': 0.00010058300625900001, 'z': -19.234794739999998, 'y': 201.77179999999998}","{'x': 357.74778935999996, 'error': 0.00034231594873000004, 'z': -19.43406316, 'y': 203.53789818}","{'x': 357.28824657999996, 'error': -0.000169117456902, 'z': -19.31089874, 'y': 202.65565934}"
321,P087,"{'x': 303.94226498, 'z': -11.154336015, 'y': 86.21567796500001}",321,4,303.94226498,86.21567796500001,-11.154336015,-92.16358383974047,316.20237352795453,-0.1295273933334471,"{'x': 303.59074642, 'error': 1.440472703295725e-05, 'z': -11.11969222, 'y': 85.55415992}","{'x': 305.03596654, 'error': 0.00026309116035600004, 'z': -11.23974664, 'y': 86.23267123999999}","{'x': 303.0822399, 'error': -0.000629932517785, 'z': -11.111637980000001, 'y': 86.64025808000001}","{'x': 304.06010705999995, 'error': -0.000345213275348, 'z': -11.146267220000002, 'y': 86.43562262}"
534,P103,"{'x': 368.00165456, 'z': -18.848379915, 'y': 176.74594138999998}",534,4,368.00165456,176.74594138999998,-18.848379915,-82.34569037158346,408.8416905479308,-0.09426861915527943,"{'x': 368.71165172, 'error': -0.00412088984475, 'z': -18.9406768, 'y': 176.95467997999998}","{'x': 367.22065153999995, 'error': 0.008029268974456001, 'z': -18.806292919999997, 'y': 177.52641025999998}","{'x': 368.31950778, 'error': 0.017228919595661002, 'z': -18.8337331, 'y': 175.82122534}","{'x': 367.7548072000001, 'error': 0.007599482542542, 'z': -18.81281684, 'y': 176.68144998}"
541,P114,"{'x': 295.028863215, 'z': -14.647015289999999, 'y': 207.25554332000002}",541,4,295.028863215,207.25554332000002,-14.647015289999999,-72.91224918409462,360.95861401087393,-0.20257938238598297,"{'x': 294.29491586, 'error': 5.426631205551758e-05, 'z': -14.608752319999999, 'y': 207.40483708000002}","{'x': 295.36058116000004, 'error': 0.0009668981819820001, 'z': -14.60754158, 'y': 206.20973418000003}","{'x': 295.1867222, 'error': 0.0018268193049700001, 'z': -14.727957360000001, 'y': 208.20158074}","{'x': 295.27323364, 'error': -0.0006416001304660001, 'z': -14.643809899999999, 'y': 207.20602128000002}"
11,P117,"{'x': 54.428964310000005, 'z': -0.47378470999999905, 'y': 32.157361564999995}",11,4,54.428964310000005,32.157361564999995,-0.47378470999999905,-77.42483695388589,63.2211429831542,-0.0678152756119831,"{'x': 54.993206840000006, 'error': 5.7455967665931425e-05, 'z': -0.48324559999999905, 'y': 31.66342124}","{'x': 54.66108038, 'error': -0.001028542819853, 'z': -0.481502159999999, 'y': 33.228340939999995}","{'x': 53.82054750000001, 'error': -0.001564749005135, 'z': -0.466925559999999, 'y': 31.41592892}","{'x': 54.24102252, 'error': -9.230466492657352e-05, 'z': -0.463465519999999, 'y': 32.32175516}"
239,P126,"{'x': 215.75898940499997, 'z': -7.696694559999999, 'y': 149.91625259}",239,4,215.75898940499997,149.91625259,-7.696694559999999,-73.20719013890508,262.88393629493225,-0.12269175590400126,"{'x': 216.44872459999996, 'error': 0.00023182921294000002, 'z': -7.739273679999999, 'y': 150.20805756}","{'x': 214.89697533999998, 'error': 0.0013048088315230002, 'z': -7.6932011, 'y': 150.59667404}","{'x': 216.16039803999996, 'error': 0.002725177132857, 'z': -7.6842387, 'y': 149.04052201999997}","{'x': 215.52985963999998, 'error': 4.208550603790328e-05, 'z': -7.67006476, 'y': 149.81975674}"
517,P134,"{'x': 394.06845212999997, 'z': -18.90941797, 'y': 113.27461242500002}",517,4,394.06845212999997,113.27461242500002,-18.90941797,-91.96275170699245,410.61881018856644,0.019637486226678786,"{'x': 394.72156898000003, 'error': 0.0005103057393460001, 'z': -18.9725828, 'y': 112.91051874}","{'x': 394.06966991999997, 'error': -0.00020862219781700003, 'z': -18.95131174, 'y': 114.37050266000001}","{'x': 393.63157248, 'error': 0.00039213607506300005, 'z': -18.833105240000002, 'y': 112.42196324000001}","{'x': 393.85099714, 'error': 0.000436333435039, 'z': -18.880672099999998, 'y': 113.39546506000002}"
1533,P012,"{'z': -18.858517675, 'x': 368.10000619499993, 'y': 176.61714604}",533,5,368.10000619499993,176.61714604,-18.858517675,-46.3679586628681,408.875486265711,-0.10113710690605719,"{'z': -18.956218659999998, 'x': 368.83920617999996, 'y': 176.71373739999999, 'error': 0.001959023435017}","{'z': -18.838770320000002, 'x': 367.45040804, 'y': 177.50049116, 'error': -0.00023855632806400002}","{'z': -18.824485560000003, 'x': 368.25681436, 'y': 175.66985368, 'error': 8.603277548113743e-05}","{'z': -18.81459616, 'x': 367.85359619999997, 'y': 176.58450192, 'error': 0.0024135964767970004}"
1496,P046,"{'z': -16.153838629999996, 'x': 331.003510945, 'y': 185.671152685}",496,5,331.003510945,185.671152685,-16.153838629999996,-42.71044740487684,379.9908559935207,-0.08410781004635982,"{'z': -16.23753566, 'x': 331.39006842, 'y': 186.31106472000002, 'error': 0.002376070898855}","{'z': -16.066136639999996, 'x': 329.91072774, 'y': 185.71856112, 'error': 0.00042143508142400004}","{'z': -16.2004359, 'x': 331.83942655999994, 'y': 185.19726038000002, 'error': 0.0013291771616660002}","{'z': -16.11124632, 'x': 330.87382106, 'y': 185.45772452, 'error': 0.0033478887966540004}"
1534,P048,"{'z': -18.89377764, 'x': 372.84396752000004, 'y': 167.803161945}",534,5,372.84396752000004,167.803161945,-18.89377764,-47.769267368159774,409.4625882335835,-0.07879372440198695,"{'z': -18.868007679999998, 'x': 372.34573612, 'y': 168.36285182, 'error': -0.00013245271491600001}","{'z': -18.799198119999996, 'x': 372.48538252, 'y': 166.76945505999998, 'error': 0.0013160133256610001}","{'z': -19.041234600000003, 'x': 373.53372134, 'y': 168.46361616, 'error': 0.0055834249681790005}","{'z': -18.866670159999998, 'x': 373.0110301, 'y': 167.61672474, 'error': 0.0018006205640040001}"
1482,P054,"{'z': -18.872638965, 'x': 404.2877297, 'y': 59.60758100500001}",482,5,404.2877297,59.60758100500001,-18.872638965,-63.61282104405012,409.2549065566277,-0.0779986228537322,"{'z': -18.94223432, 'x': 404.6390007333334, 'y': 60.26775302000001, 'error': 0.001140572596337}","{'z': -18.73390506, 'x': 403.2005535333333, 'y': 59.59603554, 'error': -0.000846893838275}","{'z': -18.9810363, 'x': 405.14284419999996, 'y': 59.1790081, 'error': 0.0019242908037510002}","{'z': -18.83338018, 'x': 404.1685203333334, 'y': 59.38752736, 'error': 0.003329295539461}"
1011,P091,"{'z': -0.49540680999999903, 'x': 54.436540025, 'y': 32.40971582}",11,5,54.436540025,32.40971582,-0.49540680999999903,-41.23183017009477,63.356597722395335,-0.08767832523120792,"{'z': -0.503926779999999, 'x': 55.190102659999994, 'y': 32.43442076, 'error': 0.004115629027236}","{'z': -0.5062099799999991, 'x': 53.87446776, 'y': 33.35190174, 'error': 0.000258259965499}","{'z': -0.49433545999999906, 'x': 54.49753138000001, 'y': 31.45109476, 'error': -0.00014004359379600001}","{'z': -0.47715501999999904, 'x': 54.18405829999999, 'y': 32.40144602, 'error': 0.003275618426299}"
1321,P099,"{'z': -11.13800401, 'x': 304.216210425, 'y': 86.721223955}",321,5,304.216210425,86.721223955,-11.13800401,-56.08903330180652,316.60235637733103,-0.08478999356386507,"{'z': -11.192511, 'x': 304.59009828, 'y': 87.37139515999999, 'error': 0.002087856209472}","{'z': -11.071596719999999, 'x': 303.12125782, 'y': 86.74206712, 'error': 0.000262509789982}","{'z': -11.184537520000001, 'x': 305.06182249999995, 'y': 86.26721763999998, 'error': 0.00020940415762100002}","{'z': -11.103370799999999, 'x': 304.0916631, 'y': 86.50421589999999, 'error': 0.002594519604922}"
1150,P106,"{'z': -6.5035493550000005, 'x': 241.86809653499998, 'y': 14.35725772}",150,5,241.86809653499998,14.35725772,-6.5035493550000005,-68.60291646316786,242.4132984596817,-0.08844791427803561,"{'z': -6.5480858600000005, 'x': 242.61342071999997, 'y': 14.419577559999999, 'error': -0.0006501061187020001}","{'z': -6.497686159999999, 'x': 241.26030224000002, 'y': 15.269902059999998, 'error': -0.000374590616276}","{'z': -6.4990077799999995, 'x': 241.9788167, 'y': 13.403060120000001, 'error': -8.94437979184204e-05}","{'z': -6.46941762, 'x': 241.61984647999998, 'y': 14.336491139999998, 'error': 0.0014444590491300001}"
1517,P108,"{'z': -18.973791065, 'x': 393.68109523, 'y': 113.652288225}",517,5,393.68109523,113.652288225,-18.973791065,-55.897033833848134,410.35923844091076,-0.0707509212490799,"{'z': -18.911868079999998, 'x': 393.01682223999995, 'y': 113.99565691999999, 'error': 0.00043000874340500005}","{'z': -18.93962604, 'x': 393.71698147999996, 'y': 112.55710498, 'error': -0.00059647815897}","{'z': -19.07488702, 'x': 394.08756894, 'y': 114.51635698, 'error': -0.00046248646193700006}","{'z': -18.96878312, 'x': 393.90300826, 'y': 113.54003402000001, 'error': -0.0012602184267980002}"
1239,P115,"{'z': -7.616324649999999, 'x': 215.32764459499998, 'y': 149.768727355}",239,5,215.32764459499998,149.768727355,-7.616324649999999,-37.179889280073105,262.4421937889273,-0.06823838140353607,"{'z': -7.57648508, 'x': 214.74540486, 'y': 149.29780522000001, 'error': 5.299076875076025e-06}","{'z': -7.658072899999999, 'x': 216.34359876, 'y': 149.35605188, 'error': 0.000463581237057}","{'z': -7.629956219999999, 'x': 214.70044711999998, 'y': 150.4950532, 'error': -0.0009543433481990001}","{'z': -7.6007844, 'x': 215.52112763999997, 'y': 149.92599912, 'error': -0.00017687028870900002}"
1542,P128,"{'z': -19.24359777, 'x': 356.9720995, 'y': 202.35170724}",542,5,356.9720995,202.35170724,-19.24359777,-42.453015541817685,410.9617271800388,-0.2824164148431063,"{'z': -19.171984979999998, 'x': 356.65358954000004, 'y': 201.67827582, 'error': -0.001510486608767}","{'z': -19.373569879999998, 'x': 358.06298692, 'y': 202.41519426, 'error': 0.003535692896495}","{'z': -19.1894516, 'x': 356.0923243, 'y': 202.73672144, 'error': 0.001158692564775}","{'z': -19.239384620000003, 'x': 357.07949724, 'y': 202.57663743999996, 'error': -0.000709767415459}"
1439,P130,"{'z': -18.96679117, 'x': 409.317779035, 'y': 14.207204725}",439,5,409.317779035,14.207204725,-18.96679117,-70.0120916953865,410.16577510395535,-0.0828280727415619,"{'z': -18.88355434, 'x': 408.6166467, 'y': 13.958181020000001, 'error': -0.001216003441409}","{'z': -19.06289358, 'x': 410.13183468000005, 'y': 13.47756952, 'error': 0.0005013845169200001}","{'z': -18.941146540000002, 'x': 408.97205194000003, 'y': 15.103330500000002, 'error': 0.000146645352081}","{'z': -18.979570220000003, 'x': 409.55058282, 'y': 14.289737860000002, 'error': -0.0026689974909100004}"
1075,P133,"{'z': -2.769805629999999, 'x': 153.3485646, 'y': 41.610002055}",75,5,153.3485646,41.610002055,-2.769805629999999,-56.818749305384735,158.92661105371357,-0.0928063845769294,"{'z': -2.80626052, 'x': 153.7934288, 'y': 42.214139540000005, 'error': 0.001242607118425}","{'z': -2.73159054, 'x': 152.26183616, 'y': 41.753337720000005, 'error': -9.3632280730116e-05}","{'z': -2.801186139999999, 'x': 154.1385673, 'y': 41.06445824000001, 'error': -0.000123581124384}","{'z': -2.7401853199999993, 'x': 153.20042614, 'y': 41.40807272, 'error': 0.002186086906503}"
1541,P135,"{'z': -14.675187189999999, 'x': 295.43085893, 'y': 207.935225065}",541,5,295.43085893,207.935225065,-14.675187189999999,-36.86069215910838,361.6784307169701,-0.17119196952426707,"{'z': -14.73323782, 'x': 295.31034888000005, 'y': 208.67559264000002, 'error': 0.00245410140824}","{'z': -14.542744660000002, 'x': 294.57236266, 'y': 207.26141189999998, 'error': 0.002454833838478}","{'z': -14.801312200000002, 'x': 296.37054576, 'y': 208.11546638, 'error': 0.004393668125497001}","{'z': -14.623454079999998, 'x': 295.47017842, 'y': 207.68842934, 'error': 0.005206713944616001}"
2482,P001,"{'y': 59.210214425000004, 'x': 404.04954708500003, 'z': -18.83310349}",482,6,404.04954708500003,59.210214425000004,-18.83310349,-27.663102985103915,408.95894228896856,-0.06737982597147152,"{'y': 58.80105751999999, 'x': 403.42366792, 'error': 0.0014559865293410001, 'z': -18.75960712}","{'y': 58.69974116000001, 'x': 405.00311511999996, 'error': -0.010012980517202001, 'z': -18.94010088}","{'y': 59.99715964000001, 'x': 403.50932928000003, 'error': -0.004898821687723, 'z': -18.78372896}","{'y': 59.34289937999999, 'x': 404.26207601999994, 'error': 0.00104942504468, 'z': -18.848976999999998}"
2239,P009,"{'y': 149.622076165, 'x': 215.302891555, 'z': -7.607486545}",239,6,215.302891555,149.622076165,-7.607486545,-1.2031100896246547,262.3378455408816,-0.06552757746691978,"{'y': 149.07909046, 'x': 214.78604572, 'error': 0.001187211934822, 'z': -7.56091502}","{'y': 149.34385452, 'x': 216.36325748, 'error': 0.0013819097697590002, 'z': -7.674119679999999}","{'y': 150.26256347999998, 'x': 214.58633700000001, 'error': 0.000388684817133, 'z': -7.611613180000001}","{'y': 149.80279620000005, 'x': 215.47592602, 'error': 0.0013677153582580001, 'z': -7.5832983}"
2496,P064,"{'y': 185.48654693499998, 'x': 330.698105595, 'z': -16.138561785}",496,6,330.698105595,185.48654693499998,-16.138561785,-6.712199379601429,379.6341971726199,-0.10037823912710404,"{'y': 184.76657854, 'x': 330.49488180000003, 'error': 0.000140366436466, 'z': -16.08465306}","{'y': 185.73095184, 'x': 331.76270242, 'error': 0.0015195943582250002, 'z': -16.254430019999997}","{'y': 185.72232478, 'x': 329.76873914, 'error': 0.00030091314367000003, 'z': -16.0736807}","{'y': 185.72633258000002, 'x': 330.76609902, 'error': -0.000743511635511, 'z': -16.141483360000002}"
2011,P065,"{'y': 32.24771225, 'x': 53.912724190000006, 'z': -0.45713172}",11,6,53.912724190000006,32.24771225,-0.45713172,-5.114389998616524,62.82341057206877,-0.056307101812578815,"{'y': 31.616493339999998, 'x': 53.51494026, 'error': -0.003794134637183, 'z': -0.45498812000000005}","{'y': 32.17691742, 'x': 55.00533972000001, 'error': -0.0018629608930060002, 'z': -0.47402884000000006}","{'y': 32.74059476, 'x': 53.08554855999999, 'error': 0.0022861681585570003, 'z': -0.47090374}","{'y': 32.456843479999996, 'x': 54.04506822, 'error': -0.000872482310279, 'z': -0.42860618000000006}"
2542,P075,"{'y': 202.51826918999998, 'x': 357.268741995, 'z': -19.328428435}",542,6,357.268741995,202.51826918999998,-19.328428435,-6.453208713981314,411.3089736902507,-0.33330437827437387,"{'y': 201.87774649999997, 'x': 357.66006511999996, 'error': 0.0007142392572030001, 'z': -19.324112}","{'y': 203.46880646, 'x': 357.80812004, 'error': 0.002987265934411, 'z': -19.45213058}","{'y': 201.99494638000002, 'x': 356.46890554000004, 'error': 0.0012853965063050002, 'z': -19.219751}","{'y': 202.73157742, 'x': 357.13787728, 'error': 0.00048082116453, 'z': -19.31772016}"
2075,P084,"{'y': 41.301531485, 'x': 153.100471125, 'z': -2.754419995}",75,6,153.100471125,41.301531485,-2.754419995,-20.902841687523402,158.60625743213296,-0.08859457591181107,"{'y': 40.56260892, 'x': 153.23085414000002, 'error': 0.000523636840606, 'z': -2.76579308}","{'y': 41.99056394, 'x': 153.95404309999998, 'error': 0.000728730271467, 'z': -2.79234082}","{'y': 41.105343620000006, 'x': 152.16059646, 'error': -0.00041657764573500004, 'z': -2.73738512}","{'y': 41.547609460000004, 'x': 153.0563908, 'error': 0.002067630153776, 'z': -2.72216096}"
2321,P089,"{'y': 86.636638555, 'x': 304.273988165, 'z': -11.161333805}",321,6,304.273988165,86.636638555,-11.161333805,-20.10663384783689,316.63615192434884,-0.10576696508009356,"{'y': 87.244117, 'x': 304.71062522, 'error': 0.00028428958641300004, 'z': -11.21696194}","{'y': 86.77161146, 'x': 303.19292712, 'error': -0.005585145530675, 'z': -11.09763574}","{'y': 86.09669402, 'x': 305.06673782, 'error': -0.000619793375416, 'z': -11.203308640000001}","{'y': 86.43413174000001, 'x': 304.1256625, 'error': 0.003296378975691, 'z': -11.127428900000002}"
2534,P110,"{'y': 176.60537675999998, 'x': 367.924830005, 'z': -18.82854455}",534,6,367.924830005,176.60537675999998,-18.82854455,-10.358809597425315,408.71023659282014,-0.08725027281404817,"{'y': 176.06350709999998, 'x': 368.44358778000003, 'error': 0.0012266201744250001, 'z': -18.86673934}","{'y': 177.65058174, 'x': 368.24647964, 'error': 0.002915045871223, 'z': -18.945511200000002}","{'y': 175.92145808, 'x': 367.2575164, 'error': 0.002597099023228, 'z': -18.70652368}","{'y': 176.78596011999997, 'x': 367.7517362, 'error': 0.0023293732766560002, 'z': -18.79540398}"
2541,P111,"{'y': 207.55386875000002, 'x': 295.68919834999997, 'z': -14.672663245000003}",541,6,295.68919834999997,207.55386875000002,-14.672663245000003,-0.9337344089100582,361.6703106627715,-0.16933375118406221,"{'y': 207.49014954000003, 'x': 296.43610604, 'error': 0.0028038422007230003, 'z': -14.74072086}","{'y': 208.55457463999997, 'x': 295.23729948, 'error': 0.0017169584132370002, 'z': -14.709192060000001}","{'y': 206.5962053, 'x': 295.64311041999997, 'error': 0.000332797604454, 'z': -14.60677958}","{'y': 207.57454552, 'x': 295.44027746, 'error': 0.002758861990339, 'z': -14.633960480000002}"
2150,P112,"{'y': 14.44124514, 'x': 241.60715320500003, 'z': -6.52014348}",150,6,241.60715320500003,14.44124514,-6.52014348,-32.57940946074938,242.15872652610338,-0.11890114609579626,"{'y': 15.1307322, 'x': 241.31290926000003, 'error': -0.00019594717105300002, 'z': -6.510964059999999}","{'y': 13.5752384, 'x': 240.93499062, 'error': -0.000406003351001, 'z': -6.4971463}","{'y': 14.847682120000002, 'x': 242.4774708, 'error': 0.001276335980243, 'z': -6.57262906}","{'y': 14.21132784, 'x': 241.70324214000001, 'error': 1.500542439752949e-05, 'z': -6.4998345}"
2517,P120,"{'y': 113.6028725, 'x': 394.01158337000004, 'z': -18.988197825}",517,6,394.01158337000004,113.6028725,-18.988197825,-19.91647548505486,410.6629498099346,-0.05520255473362655,"{'y': 114.24577842, 'x': 394.39152092, 'error': 0.0026382833773900003, 'z': -19.0811134}","{'y': 113.63998886000002, 'x': 392.92125248, 'error': 0.0026963658825660004, 'z': -18.85067294}","{'y': 113.13737739999999, 'x': 394.84869046000006, 'error': 0.0016116086953300002, 'z': -19.0809861}","{'y': 113.38834532000001, 'x': 393.88486962, 'error': 0.0037705618591080004, 'z': -18.94001886}"
2439,P129,"{'y': 14.602045069999999, 'x': 409.36835541999994, 'z': -18.96616408}",439,6,409.36835541999994,14.602045069999999,-18.96616408,-33.957143023921915,410.2297991530493,-0.0758732014573635,"{'y': 15.325670259999999, 'x': 409.17000715999995, 'error': 0.000518794599044, 'z': -18.95379802}","{'y': 13.83695286, 'x': 408.58788968, 'error': 0.00037986381351300005, 'z': -18.86854114}","{'y': 14.88467482, 'x': 410.28069158, 'error': 0.0017494376897480002, 'z': -19.08478986}","{'y': 14.36088234, 'x': 409.43483326, 'error': 0.000306531119135, 'z': -18.9575273}"
8011,P003,"{'y': 32.49931597, 'x': 54.43477754, 'z': -0.47998907}",11,7,54.43477754,32.49931597,-0.47998907,-149.16143761716305,63.40081440465438,-0.07168444318850795,"{'y': 32.42347462, 'error': 0.003316527553281, 'x': 54.19450668, 'z': -0.45377330000000005}","{'y': 32.722069160000004, 'error': 0.004212243306247, 'x': 55.15504417999999, 'z': -0.49678964000000003}","{'y': 31.592855919999998, 'error': -0.0023766295617780003, 'x': 54.74573406, 'z': -0.48445032}","{'y': 33.258864179999996, 'error': -0.000294525907291, 'x': 53.64382524, 'z': -0.48494302000000006}"
8534,P005,"{'y': 176.4293234, 'x': 367.76702467499996, 'z': -18.815128975}",534,7,367.76702467499996,176.4293234,-18.815128975,-154.37151171301227,408.49155912014027,-0.09524747097224838,"{'y': 176.6585951, 'error': -0.0032609617390080003, 'x': 367.8579176, 'z': -18.822417100000003}","{'y': 176.7706381, 'error': -0.003499165463147, 'x': 366.8722373, 'z': -18.7423187}","{'y': 176.5471851, 'error': -0.000261815085898, 'x': 368.8513825, 'z': -18.9476863}","{'y': 175.7408753, 'error': 0.0018696379936690001, 'x': 367.4865613, 'z': -18.7480938}"
8517,P015,"{'y': 113.40915735, 'x': 393.743031055, 'z': -18.97375837}",517,7,393.743031055,113.40915735,-18.97375837,-163.9320993099012,410.3514234815642,-0.07149043867610452,"{'y': 113.42060302, 'error': -0.001264891295589, 'x': 393.99095108, 'z': -18.990305640000003}","{'y': 113.37372054, 'error': 0.0007959415623350001, 'x': 392.99818300000004, 'z': -18.88721356}","{'y': 114.36771526, 'error': 0.001728697173754, 'x': 393.66338751999996, 'z': -19.00681344}","{'y': 112.47459058, 'error': 0.00183316289465, 'x': 394.31960262, 'z': -19.01070084}"
8321,P016,"{'y': 86.3248996, 'x': 304.351959925, 'z': -11.1670751}",321,7,304.351959925,86.3248996,-11.1670751,-164.1648020409833,316.626317604634,-0.11221778923356976,"{'y': 86.4903053, 'error': 0.001765257156231, 'x': 304.1636103, 'z': -11.1435992}","{'y': 85.5854241, 'error': -0.0010699724666450002, 'x': 303.7414127, 'z': -11.1121338}","{'y': 87.3911167, 'error': -0.000173854858108, 'x': 304.5870869, 'z': -11.2190164}","{'y': 85.8327523, 'error': -0.0038302413154330003, 'x': 304.9157298, 'z': -11.193551}"
8075,P025,"{'y': 41.618393985, 'x': 153.270400275, 'z': -2.789356355}",75,7,153.270400275,41.618393985,-2.789356355,-164.80844307761322,158.8538977735683,-0.1149031010625366,"{'y': 41.470900179999994, 'error': -0.000757634345765, 'x': 153.07025136, 'z': -2.7718136600000003}","{'y': 42.06909245999999, 'error': 0.002740964911358, 'x': 153.87255762, 'z': -2.8166664}","{'y': 40.86984866, 'error': -0.00214200432589, 'x': 153.86908368, 'z': -2.79892234}","{'y': 42.06373464, 'error': -0.00141552933247, 'x': 152.26970844, 'z': -2.77002302}"
8150,P027,"{'y': 14.298285665, 'x': 241.350749395, 'z': -6.51113005}",150,7,241.350749395,14.298285665,-6.51113005,-176.60960234061272,241.89411371875627,-0.12425429009325116,"{'y': 14.286058, 'error': -0.0006872986911160001, 'x': 241.59976148, 'z': -6.510592679999999}","{'y': 13.314603639999998, 'error': 0.000124808754769, 'x': 241.83440226, 'z': -6.533055800000001}","{'y': 14.333455760000001, 'error': 0.00024948339820700003, 'x': 240.60231349999998, 'z': -6.477307140000001}","{'y': 15.259025260000001, 'error': -0.000528184125528, 'x': 241.36652034, 'z': -6.52356458}"
8482,P068,"{'y': 59.315690395000004, 'x': 403.90260788500007, 'z': -18.865513145}",482,7,403.90260788500007,59.315690395000004,-18.865513145,-171.64546567338812,408.8328768571782,-0.11235945763563254,"{'y': 59.29085836, 'error': 0.001027941311668, 'x': 404.1514613, 'z': -18.88720128}","{'y': 58.30235106, 'error': 0.005086840854286, 'x': 404.32065412000003, 'z': -18.897206400000005}","{'y': 59.39662644, 'error': 0.000198130419389, 'x': 403.15625628000004, 'z': -18.785427140000003}","{'y': 60.27292572, 'error': -0.00025797779382900004, 'x': 403.98205984000003, 'z': -18.89221776}"
8541,P090,"{'y': 207.55653106, 'x': 295.428640695, 'z': -14.689993450000001}",541,7,295.428640695,207.55653106,-14.689993450000001,-144.90963302350846,361.4606367291827,-0.20410905429739928,"{'y': 207.76602659999998, 'error': -0.005507638709695, 'x': 295.5539562, 'z': -14.703563919999999}","{'y': 206.91491007999997, 'error': -0.001522156853051, 'x': 295.05106573999996, 'z': -14.613645120000001}","{'y': 208.02252542000002, 'error': 0.00013564495395900001, 'x': 294.5894384, 'z': -14.64763898}","{'y': 207.52266214000002, 'error': 0.000136303570509, 'x': 296.52010244, 'z': -14.795125780000001}"
8239,P118,"{'y': 149.88210980625, 'x': 215.28859635625003, 'z': -7.67314881}",239,7,215.28859635625003,149.88210980625,-7.67314881,-145.15468890161873,262.47756831923635,-0.12304561243469289,"{'y': 149.80108654999998, 'error': -0.001339096728367, 'x': 215.523651475, 'z': -7.66907844}","{'y': 150.11420457500003, 'error': -0.00225099557629, 'x': 214.57822427500003, 'z': -7.651181599999999}","{'y': 150.810665625, 'error': 0.008526661273665, 'x': 215.56215505, 'z': -7.72162616}","{'y': 148.802482475, 'error': 0.0016468204262660002, 'x': 215.490354625, 'z': -7.65070904}"
8439,P119,"{'y': 14.283098985000002, 'x': 409.69576202, 'z': -19.041670315}",439,7,409.69576202,14.283098985000002,-19.041670315,-178.0033232947471,410.55190447621675,-0.119949128319716,"{'y': 14.242551760000001, 'error': -0.004716196788966001, 'x': 409.45617955999995, 'z': -19.00819926}","{'y': 13.341640660000001, 'error': -0.0028301925059880002, 'x': 409.87809894000003, 'z': -19.05469532}","{'y': 15.145300260000003, 'error': -0.0016587178529970002, 'x': 409.02087466, 'z': -18.97412972}","{'y': 14.402903259999999, 'error': 0.00010762042580800001, 'x': 410.42789492, 'z': -19.12965696}"
8542,P122,"{'y': 202.53129539999998, 'x': 357.24169194999996, 'z': -19.32380864}",542,7,357.24169194999996,202.53129539999998,-19.32380864,-150.4497665060233,411.29147427801007,-0.3303941279562103,"{'y': 202.69956342, 'error': -0.00010179617581900001, 'x': 357.05768909999995, 'z': -19.3071372}","{'y': 201.80658061999998, 'error': -0.00069018547121, 'x': 356.61852694, 'z': -19.225272179999997}","{'y': 203.59328463999998, 'error': 0.00016189225513800002, 'x': 357.49606754000007, 'z': -19.426255140000002}","{'y': 202.02575291999997, 'error': -7.5778884370159e-05, 'x': 357.79448422, 'z': -19.336570039999998}"
4517,P033,"{'x': 393.79735574999995, 'y': 113.50682337500001, 'z': -18.940266915000002}",517,8,393.79735574999995,113.50682337500001,-18.940266915000002,52.07891931881951,410.4267742056614,-0.03036974069085604,"{'x': 393.84135444, 'y': 114.24481474, 'z': -18.977438820000003, 'error': -0.009664301011098001}","{'x': 392.81296604, 'y': 113.06873956, 'z': -18.81761564, 'error': -0.012472102268714001}","{'x': 394.75267746, 'y': 113.4673741, 'z': -19.064307739999997, 'error': 0.003448298324521}","{'x': 393.78242506, 'y': 113.2463651, 'z': -18.901705460000002, 'error': 0.013720352516771001}"
4150,P034,"{'x': 241.430763775, 'y': 14.310093509999998, 'z': -6.459309944999999}",150,8,241.430763775,14.310093509999998,-6.459309944999999,39.39206904989913,241.9724159651168,-0.06813514718349262,"{'x': 240.92167358, 'y': 14.864038419999996, 'z': -6.4555636199999995, 'error': 0.0024575113674670003}","{'x': 241.08011094, 'y': 13.27017816, 'z': -6.44844434, 'error': 0.000596882561027}","{'x': 242.11456364, 'y': 14.98214002, 'z': -6.506951239999999, 'error': -0.0007528868909110001}","{'x': 241.60670694, 'y': 14.12401744, 'z': -6.426280579999999, 'error': 0.008207745989866}"
4542,P036,"{'x': 357.13719327, 'y': 202.56225633, 'z': -19.304881895}",542,8,357.13719327,202.56225633,-19.304881895,65.561183911497,411.2142708605901,-0.3190163185868658,"{'x': 357.53788771999996, 'y': 201.92618134, 'z': -19.251195000000003, 'error': 0.00377746275114}","{'x': 357.66330482, 'y': 203.52057026, 'z': -19.47320048, 'error': 0.009214866337059001}","{'x': 356.3437702, 'y': 202.02854276000002, 'z': -19.193388480000003, 'error': 0.002005107703668}","{'x': 357.00381034000003, 'y': 202.77373095999997, 'z': -19.301743620000003, 'error': 4.4743833938099005e-05}"
4496,P049,"{'x': 330.683837575, 'y': 185.37932743000002, 'z': -16.094368275}",496,8,330.683837575,185.37932743000002,-16.094368275,65.27472219127678,379.56569281695266,-0.062080779723683775,"{'x': 330.38721862, 'y': 184.69253898000002, 'z': -16.031097399999997, 'error': 0.00087585412821}","{'x': 331.77156654, 'y': 185.48088796, 'z': -16.204787760000006, 'error': 0.001126094963824}","{'x': 329.79309472000006, 'y': 185.73576722, 'z': -16.04724392, 'error': -0.000130969444241}","{'x': 330.78347042, 'y': 185.60811556, 'z': -16.09434402, 'error': -0.00045899571415400006}"
4439,P060,"{'x': 409.38322859000004, 'y': 13.800277045, 'z': -18.94291052}",439,8,409.38322859000004,13.800277045,-18.94291052,37.93070520285979,410.2145297579695,-0.05400265148056685,"{'x': 409.01153268, 'y': 13.149151380000001, 'z': -18.905690460000002, 'error': 0.0007715753236180001}","{'x': 410.47368824000006, 'y': 13.78312818, 'z': -19.0774383, 'error': 0.001960343920313}","{'x': 408.54083194000003, 'y': 14.251840920000001, 'z': -18.84660108, 'error': -6.606484604465557e-05}","{'x': 409.5068615, 'y': 14.016987700000001, 'z': -18.94191224, 'error': -0.00050130062754}"
4541,P072,"{'x': 295.222127645, 'y': 207.695503595, 'z': -14.663760915}",541,8,295.222127645,207.695503595,-14.663760915,71.12726101026203,361.3698146892338,-0.18532214115388995,"{'x': 294.58902782000007, 'y': 208.09769626000002, 'z': -14.65424984, 'error': 0.000209851116771}","{'x': 295.16124406, 'y': 206.60345142, 'z': -14.56713148, 'error': 0.001108201951645}","{'x': 295.70401019999997, 'y': 208.51927732, 'z': -14.79159958, 'error': 0.0021897502220330003}","{'x': 295.4342285, 'y': 207.56158938, 'z': -14.642062760000002, 'error': 0.0017748986718280001}"
4482,P076,"{'x': 404.340232135, 'y': 59.47524291, 'z': -18.891694195}",482,8,404.340232135,59.47524291,-18.891694195,44.36775083785403,409.2893576979615,-0.09376318022032899,"{'x': 404.50311958000003, 'y': 60.20655515999999, 'z': -18.935238879999996, 'error': 0.0005972127399530001}","{'x': 403.2925031, 'y': 59.170234660000006, 'z': -18.771169320000006, 'error': 0.0009581005047600001}","{'x': 405.27949388, 'y': 59.29261964, 'z': -18.997675039999997, 'error': 0.0020023547664510003}","{'x': 404.28581197999995, 'y': 59.231562180000005, 'z': -18.862693540000002, 'error': 0.0013620684072860002}"
4321,P102,"{'x': 304.040208935, 'y': 86.210614375, 'z': -11.152610420000002}",321,8,304.040208935,86.210614375,-11.152610420000002,51.83068715281827,316.2949352361718,-0.12123590900196349,"{'x': 303.43921237999996, 'y': 85.76381822, 'z': -11.109176999999999, 'error': 0.000240070398596}","{'x': 305.03583249999997, 'y': 85.75556895999999, 'z': -11.219445699999998, 'error': -0.000177807487947}","{'x': 303.44375468, 'y': 86.96376356, 'z': -11.137180160000002, 'error': 0.000148305455895}","{'x': 304.24203617999996, 'y': 86.35930676000001, 'z': -11.14463882, 'error': 0.0008130949289090001}"
4011,P109,"{'x': 54.49057974, 'y': 32.257152555, 'z': -0.4270556}",11,8,54.49057974,32.257152555,-0.4270556,66.6245433710099,63.324512671926655,-0.01974107479731952,"{'x': 55.14125800000001, 'y': 31.88366358, 'z': -0.42249501999999906, 'error': 0.00036462756358200004}","{'x': 54.50908276, 'y': 33.35164844, 'z': -0.46236692, 'error': -0.0016783359743110001}","{'x': 54.03758262, 'y': 31.4106681, 'z': -0.429236919999999, 'error': -0.000623398138522}","{'x': 54.27439558, 'y': 32.38263010000001, 'z': -0.39412353999999905, 'error': 0.002120459126149}"
4534,P113,"{'x': 367.99316468999996, 'y': 176.33021684, 'z': -18.800554745}",534,8,367.99316468999996,176.33021684,-18.800554745,61.60220765431289,408.6502933389391,-0.06500276775158437,"{'x': 368.33050746000004, 'y': 175.66021622000002, 'z': -18.810708500000004, 'error': 0.000302688619726}","{'x': 368.60597631999997, 'y': 177.2343231, 'z': -18.935062379999998, 'error': 0.003571956529463}","{'x': 367.15404665999995, 'y': 175.87305104, 'z': -18.688792439999997, 'error': 0.0013865084698120001}","{'x': 367.88212832, 'y': 176.553277, 'z': -18.76765566, 'error': 0.001330977469629}"
9517,P008,"{'z': -18.975914385000003, 'y': 113.628479965, 'x': 393.61288216}",517,9,393.61288216,113.628479965,-18.975914385000003,-127.89758684895537,410.2877014391531,-0.07995526974342569,"{'error': 0.001035752496008, 'z': -18.93599886, 'y': 114.13068122, 'x': 393.0560113}","{'error': -0.00019320979923, 'z': -18.909728920000003, 'y': 112.5606751, 'x': 393.37168092}","{'error': 0.0007457381814570001, 'z': -19.08566422, 'y': 114.36114114, 'x': 394.22569574}","{'error': -0.000516005871814, 'z': -18.972265540000002, 'y': 113.46142239999999, 'x': 393.79814068}"
9150,P024,"{'z': -6.522116410000001, 'y': 14.328498625000002, 'x': 241.417895205}",150,9,241.417895205,14.328498625000002,-6.522116410000001,-140.60339778311706,241.96334209202487,-0.13149137069812547,"{'error': -0.0024426051927340002, 'z': -6.493023580000001, 'y': 14.57116882, 'x': 240.71152607999997}","{'error': -0.00034528545948, 'z': -6.52659708, 'y': 13.248939459999999, 'x': 241.61015590000002}","{'error': -0.0017285943845480002, 'z': -6.55034134, 'y': 15.24561854, 'x': 241.6966793}","{'error': -0.001348437998351, 'z': -6.5185036400000005, 'y': 14.248267679999998, 'x': 241.65321954}"
9542,P026,"{'z': -19.32273827, 'y': 202.38795473, 'x': 357.36694934}",542,9,357.36694934,202.38795473,-19.32273827,-114.47578077859548,411.3294755993709,-0.32555058138297266,"{'error': 0.00034757385829000005, 'z': -19.318045020000003, 'y': 201.72286223999998, 'x': 357.71408242}","{'error': 0.001375739279384, 'z': -19.43256436, 'y': 203.29902228, 'x': 357.97035944}","{'error': 0.000172890151872, 'z': -19.22467154, 'y': 201.92119832, 'x': 356.53280422}","{'error': -0.00031451225564800003, 'z': -19.31567216, 'y': 202.60873608, 'x': 357.25055127999997}"
9321,P042,"{'z': -11.17137477, 'y': 86.107218555, 'x': 304.21175093}",321,9,304.21175093,86.107218555,-11.17137477,-128.1958202263794,316.43271718764436,-0.13026502346940377,"{'error': 0.002790572424169, 'z': -11.17756332, 'y': 85.40508747999999, 'x': 304.48289065999995}","{'error': -0.0020276955857400003, 'z': -11.241150379999999, 'y': 86.945438, 'x': 304.91265383999996}","{'error': 0.0009421442526040001, 'z': -11.10735278, 'y': 85.73002096000002, 'x': 303.32949315999997}","{'error': 0.007560860158003, 'z': -11.1594326, 'y': 86.34832778, 'x': 304.12196606}"
9496,P052,"{'z': -16.157103215, 'y': 185.7155745, 'x': 330.4842770875}",496,9,330.4842770875,185.7155745,-16.157103215,-114.66619906340044,379.56176551804793,-0.12540457480817593,"{'error': -0.0005236846252900001, 'z': -16.099152359999998, 'y': 185.73875424, 'x': 329.73750452499996}","{'error': 0.006936633136601001, 'z': -16.15010254, 'y': 184.73476852000002, 'x': 330.99066225}","{'error': 0.002736763233854, 'z': -16.20944654, 'y': 186.67756163999996, 'x': 330.4771136}","{'error': -0.00208988285235, 'z': -16.169711420000002, 'y': 185.7112136, 'x': 330.731827975}"
9011,P062,"{'z': -0.48239347000000005, 'y': 32.35957335, 'x': 54.451972115000004}",11,9,54.451972115000004,32.35957335,-0.48239347000000005,-113.27794347225236,63.34409936934819,-0.0748269221132951,"{'error': -5.978456582267367e-05, 'z': -0.49718864, 'y': 32.19878542, 'x': 55.184221179999994}","{'error': -0.00041382217385800004, 'z': -0.49614274, 'y': 33.41156656, 'x': 54.14309806}","{'error': 0.000524742749278, 'z': -0.47447376, 'y': 31.41519544, 'x': 54.2729731}","{'error': 0.000942891911558, 'z': -0.46176874, 'y': 32.41274598, 'x': 54.20759611999999}"
9239,P069,"{'z': -7.687401670000001, 'y': 149.58894135499997, 'x': 215.3346922125}",239,9,215.3346922125,149.58894135499997,-7.687401670000001,-109.21302175143111,262.34883934858533,-0.144886342950183,"{'error': 0.0023792844321600002, 'z': -7.65762328, 'y': 148.86281526, 'x': 215.1403259}","{'error': -0.0011151735847990001, 'z': -7.74630916, 'y': 149.84762501999998, 'x': 216.397874725}","{'error': 0.0009491803027930001, 'z': -7.6574494600000005, 'y': 149.81744460000002, 'x': 214.4010658}","{'error': -0.002425818626362, 'z': -7.6882247800000005, 'y': 149.82788053999997, 'x': 215.39950242499998}"
9075,P088,"{'z': -2.79832599, 'y': 41.251056084999995, 'x': 153.038165105}",75,9,153.038165105,41.251056084999995,-2.79832599,-128.914591914094,158.5341059399271,-0.13502943975197546,"{'error': 6.500691656707858e-05, 'z': -2.7867911999999997, 'y': 40.5408342, 'x': 152.79754229999998}","{'error': -0.0005611662635250001, 'z': -2.83606528, 'y': 41.445901879999994, 'x': 154.11639035999997}","{'error': -0.000483849983885, 'z': -2.7787623, 'y': 41.530502139999996, 'x': 152.11971956000002}","{'error': -0.000515155206296, 'z': -2.79168518, 'y': 41.48698612, 'x': 153.1190082}"
9482,P093,"{'z': -18.911615320000003, 'y': 59.5725824, 'x': 404.18001293}",482,9,404.18001293,59.5725824,-18.911615320000003,-135.6154733951796,409.14783191325665,-0.1277238525649677,"{'error': -0.0006802177806250001, 'z': -18.94294566, 'y': 60.30781032, 'x': 404.32068488}","{'error': -0.009186645299979, 'z': -18.7847781, 'y': 59.2377024, 'x': 403.15293549999996}","{'error': -0.002874017387746, 'z': -19.033691840000003, 'y': 59.418789219999994, 'x': 405.11749657999997}","{'error': 0.0031880033428610005, 'z': -18.88504568, 'y': 59.32602766, 'x': 404.12893476}"
9534,P098,"{'z': -18.808052585, 'y': 176.674731625, 'x': 367.44394748}",534,9,367.44394748,176.674731625,-18.808052585,-118.32077947505393,408.306809458911,-0.10627174661348285,"{'error': 0.00022785970916700001, 'z': -18.73037554, 'y': 176.59314956, 'x': 366.70232598}","{'error': 0.001626555737961, 'z': -18.82911216, 'y': 175.7772081, 'x': 368.07701036000003}","{'error': 0.000928850943119, 'z': -18.851113320000003, 'y': 177.62562148, 'x': 367.30725694}","{'error': -0.002761121087043, 'z': -18.82160932, 'y': 176.70294736, 'x': 367.68919664}"
9439,P101,"{'z': -19.042535135, 'y': 14.115259365, 'x': 409.580911545}",439,9,409.580911545,14.115259365,-19.042535135,-142.02621455812084,410.4320369090759,-0.13267075700275574,"{'error': -0.001001300904326, 'z': -19.10991254, 'y': 13.64967726, 'x': 410.1636146000001}","{'error': 0.001028444756267, 'z': -19.077514060000002, 'y': 15.196764139999999, 'x': 409.76684370000004}","{'error': 0.0016284659758630002, 'z': -18.97184488, 'y': 13.34407856, 'x': 409.00963304}","{'error': 0.0030958273027080004, 'z': -19.01086906, 'y': 14.2705175, 'x': 409.38355484}"
9541,P107,"{'z': -14.79487041, 'y': 207.673923, 'x': 295.31524011}",541,9,295.31524011,207.673923,-14.79487041,-108.88404285659995,361.443771354339,-0.31071624101227685,"{'error': 0.000653384567602, 'z': -14.760404399999999, 'y': 208.005464, 'x': 294.6427648}","{'error': -0.000886868976496, 'z': -14.737018819999998, 'y': 206.5808509, 'x': 295.37084012}","{'error': 0.001909132048443, 'z': -14.886635380000001, 'y': 208.54800256000004, 'x': 295.7078983}","{'error': 0.0008799985352220001, 'z': -14.79542304, 'y': 207.56137454, 'x': 295.53945722}"
5439,P013,"{'x': 409.656825755, 'z': -19.034300325, 'y': 14.388968075000001}",439,10,409.656825755,14.388968075000001,-19.034300325,74.01165537095675,410.51611733790304,-0.11607827307447306,"{'x': 410.35168142000003, 'z': -19.1324513, 'y': 14.655443120000001, 'error': 0.000744362320694}","{'x': 408.82594738, 'z': -18.942782899999997, 'y': 15.098306679999999, 'error': -0.0005900211780380001}","{'x': 410.02496386, 'z': -19.065268120000002, 'y': 13.50194832, 'error': 0.000179136229122}","{'x': 409.42471035999995, 'z': -18.996698979999998, 'y': 14.300174179999999, 'error': 0.0013479133215750002}"
5239,P017,"{'x': 215.461747355, 'z': -7.679712500000001, 'y': 149.62136605999999}",239,10,215.461747355,149.62136605999999,-7.679712500000001,106.77696172172732,262.47119889769596,-0.12999144783019553,"{'x': 215.08144691999996, 'z': -7.64567126, 'y': 148.97574568, 'error': 0.00017526419239800002}","{'x': 216.55701185999996, 'z': -7.728262580000001, 'y': 149.59005924000002, 'error': -0.00011307303591300001}","{'x': 214.62002928, 'z': -7.6694848600000025, 'y': 150.08357107999998, 'error': -0.00037328324426200003}","{'x': 215.58850136, 'z': -7.6754313, 'y': 149.83608823999998, 'error': -0.0006197260388600001}"
5496,P035,"{'x': 330.70017859, 'z': -16.187545964999998, 'y': 185.77580630999998}",496,10,330.70017859,185.77580630999998,-16.187545964999998,101.32575576665832,379.7813374352899,-0.136516975311953,"{'x': 330.19077916000003, 'z': -16.173447539999998, 'y': 186.32596284000002, 'error': 5.829003523083465e-06}","{'x': 330.35917284, 'z': -16.116678280000002, 'y': 184.73604296, 'error': -0.00035315908825300004}","{'x': 331.37984978000003, 'z': -16.27823776, 'y': 186.44894943999998, 'error': 0.00018480145258000001}","{'x': 330.87091258, 'z': -16.18182028, 'y': 185.59227, 'error': 0.0007358289085020001}"
5541,P040,"{'x': 295.57617690999996, 'z': -14.767591240000002, 'y': 207.66266117000004}",541,10,295.57617690999996,207.66266117000004,-14.767591240000002,107.09068844702779,361.64797721541527,-0.2664158538430888,"{'x': 296.16427548, 'z': -14.855294879999999, 'y': 208.12204756, 'error': 0.0014905188532510002}","{'x': 294.57117982, 'z': -14.7114935, 'y': 208.09485064, 'error': -0.0014759518248870002}","{'x': 296.18981292, 'z': -14.77474888, 'y': 206.92417770000003, 'error': -0.000513445187655}","{'x': 295.37943942, 'z': -14.7288277, 'y': 207.50956878000002, 'error': 0.0022806609328940002}"
5150,P063,"{'x': 241.798868045, 'z': -6.555185865, 'y': 14.393030215}",150,10,241.798868045,14.393030215,-6.555185865,75.40650053008783,242.34857151290137,-0.14365276111399225,"{'x': 242.43268014, 'z': -6.592222380000001, 'y': 14.79237046, 'error': 0.00014140318271100002}","{'x': 240.83963346000002, 'z': -6.516066479999999, 'y': 14.922348799999998, 'error': -0.0006156026973280001}","{'x': 242.33624643999997, 'z': -6.5733035, 'y': 13.597774359999999, 'error': -0.0007335094272760001}","{'x': 241.58691214, 'z': -6.539151100000001, 'y': 14.25962724, 'error': 0.000955719384562}"
5517,P071,"{'x': 393.86605569999995, 'z': -19.03977943, 'y': 113.68152896000001}",517,10,393.86605569999995,113.68152896000001,-19.03977943,88.09972250418097,410.5509023260214,-0.11814711327397308,"{'x': 393.72261493999997, 'z': -19.052342439999997, 'y': 114.41737681999999, 'error': -9.658982091942382e-05}","{'x': 393.0295732, 'z': -18.928368499999998, 'y': 112.97943842, 'error': 0.0008460974592950001}","{'x': 394.7998775, 'z': -19.15230482, 'y': 113.89308994000001, 'error': 0.0033763277917950004}","{'x': 393.91215716, 'z': -19.02610196, 'y': 113.43621066, 'error': -1.3028110201956931e-05}"
5321,P086,"{'x': 303.874023435, 'z': -11.143955675, 'y': 86.56076870000001}",321,10,303.874023435,86.56076870000001,-11.143955675,87.8999958299558,316.23038318850905,-0.11714093270067641,"{'x': 303.20814555999993, 'z': -11.10996768, 'y': 86.89916092000001, 'error': -0.0021983062910120002}","{'x': 303.91441928000006, 'z': -11.1248121, 'y': 85.46516166, 'error': -0.00038137870138300005}","{'x': 304.27678544, 'z': -11.19632002, 'y': 87.43062161999998, 'error': -0.000698250141503}","{'x': 304.09674346, 'z': -11.1447229, 'y': 86.4481306, 'error': -0.000416066739434}"
5534,P092,"{'x': 367.959794535, 'z': -18.85778361, 'y': 176.82951437}",534,10,367.959794535,176.82951437,-18.85778361,97.66742609687257,408.84112338139613,-0.10377804061548296,"{'x': 368.62606096, 'z': -18.956535780000003, 'y': 177.16320834000004, 'error': 0.0017745344737860002}","{'x': 367.0644185, 'z': -18.8012059, 'y': 177.45374012000002, 'error': -0.003942055573818}","{'x': 368.41143694000004, 'z': -18.8574913, 'y': 175.98010958, 'error': 0.0013132248125700002}","{'x': 367.73726174, 'z': -18.81590146, 'y': 176.72099944, 'error': 0.001098485403713}"
5075,P094,"{'x': 152.85136956000002, 'z': -2.744724664999999, 'y': 41.32333500833334}",75,10,152.85136956000002,41.32333500833334,-2.744724664999999,87.12825298709424,158.3712706113026,-0.08708044954167649,"{'x': 152.21671696, 'z': -2.730450119999999, 'y': 40.919411233333335, 'error': 0.002524149886207}","{'x': 153.81559848, 'z': -2.76925636, 'y': 40.79885276666667, 'error': 0.0010165888388780002}","{'x': 152.30993496000002, 'z': -2.74139454, 'y': 42.11710443333333, 'error': 0.00014984044048100002}","{'x': 153.06322784, 'z': -2.73779764, 'y': 41.4579716, 'error': 0.0011153645150230001}"
5542,P097,"{'x': 356.49626231, 'z': -19.31469259, 'y': 202.73171614}",542,10,356.49626231,202.73171614,-19.31469259,101.62595365228925,410.7441166449796,-0.3754376113467011,"{'x': 355.7863529, 'z': -19.2501465, 'y': 202.49014892, 'error': 0.0027568208150380003}","{'x': 357.30896064, 'z': -19.3228546, 'y': 201.99542981999997, 'error': -0.00024018993527300002}","{'x': 356.1551442, 'z': -19.359798700000002, 'y': 203.62902221999997, 'error': 0.000317339767719}","{'x': 356.73459149999996, 'z': -19.325970560000002, 'y': 202.8122636, 'error': 0.0018251153594510002}"
5011,P105,"{'x': 54.025261256250005, 'z': -0.506472454999999, 'y': 32.653117179999995}",11,10,54.025261256250005,32.653117179999995,-0.506472454999999,103.14895908398914,63.12923386806335,-0.1016966357650983,"{'x': 53.597608225, 'z': -0.5156740400000001, 'y': 33.2673462, 'error': -0.0014021220377490001}","{'x': 53.537073775, 'z': -0.49039735999999906, 'y': 31.67531386, 'error': -0.0038836423312340004}","{'x': 54.798828, 'z': -0.52386702, 'y': 33.223683300000005, 'error': 0.0006811810199820001}","{'x': 54.16753502500001, 'z': -0.49595140000000004, 'y': 32.44612536, 'error': 0.0013923853650920001}"
5482,P131,"{'x': 403.98026503000006, 'z': -18.85970935, 'y': 59.46124789500001}",482,10,403.98026503000006,59.46124789500001,-18.85970935,80.3731584359292,408.9297734914793,-0.09699624218964702,"{'x': 403.25862268000003, 'z': -18.78808842, 'y': 59.631394840000006, 'error': -0.005019323770273001}","{'x': 404.27520169999997, 'z': -18.872154279999997, 'y': 58.40566104, 'error': -0.000813268011079}","{'x': 404.1657397, 'z': -18.89902864, 'y': 60.402935760000005, 'error': -0.00011533696089200001}","{'x': 404.22149604000003, 'z': -18.879566060000002, 'y': 59.40499994, 'error': -0.0015034777721900001}"
6534,P021,"{'y': 176.85301304, 'z': -18.865276365, 'x': 367.779216645}",534,10,367.779216645,176.85301304,-18.865276365,133.68138132358604,408.6901175899814,-0.12615415962171098,"{'y': 177.5293334, 'z': -18.93368614, 'error': 0.0011031558401310001, 'x': 368.09846046}","{'y': 176.78906883999997, 'z': -18.75703264, 'error': 0.000484382309278, 'x': 366.68905752}","{'y': 176.46635384, 'z': -18.93523534, 'error': 3.6566499698298394e-05, 'x': 368.65592364}","{'y': 176.62729608, 'z': -18.83515134, 'error': 0.0010926995713740001, 'x': 367.67342496}"
6075,P022,"{'y': 41.70789801, 'z': -2.79614294, 'x': 152.88255825}",75,10,152.88255825,41.70789801,-2.79614294,123.25953292957998,158.50344232422685,-0.13391387305153782,"{'y': 42.378056779999994, 'z': -2.8052720399999993, 'error': 0.00064452553923, 'x': 152.5447403}","{'y': 40.8013812, 'z': -2.76940044, 'error': 0.0005086681309900001, 'x': 152.2646441}","{'y': 42.1677502, 'z': -2.8255516800000002, 'error': -0.00045908062639800004, 'x': 153.72501519999997}","{'y': 41.48440386, 'z': -2.7843476000000003, 'error': 0.0008386428313210001, 'x': 152.99583339999998}"
6517,P028,"{'y': 113.71094534999999, 'z': -19.055596135000002, 'x': 394.04028345}",517,10,394.04028345,113.71094534999999,-19.055596135000002,124.09692108077441,410.7271631460332,-0.11661273399209268,"{'y': 114.32919093999999, 'z': -19.123158059999998, 'error': 0.0005653306549400001, 'x': 394.46029058000005}","{'y': 113.81642508, 'z': -18.94754572, 'error': -0.000251956120234, 'x': 392.95408086}","{'y': 113.19408882, 'z': -19.1237146, 'error': -0.0009978488500240002, 'x': 394.84604235999996}","{'y': 113.50407656, 'z': -19.02796616, 'error': 0.001069847593193, 'x': 393.90072}"
6542,P032,"{'y': 202.400863905, 'z': -19.368694660000003, 'x': 356.687985725}",542,10,356.687985725,202.400863905,-19.368694660000003,137.5725328863837,410.75299025911943,-0.4288547609067382,"{'y': 202.2396269, 'z': -19.30957896, 'error': 0.00012390946629, 'x': 355.95788722}","{'y': 201.57953786000002, 'z': -19.38217264, 'error': -0.00045368996876900004, 'x': 357.41423388}","{'y': 203.33043408, 'z': -19.404563, 'error': -8.404186878119281e-05, 'x': 356.44841158}","{'y': 202.45385678, 'z': -19.37846404, 'error': -0.0006825911566640001, 'x': 356.93141022}"
6496,P041,"{'y': 185.846120425, 'z': -16.20759072, 'x': 330.943410985}",496,10,330.943410985,185.846120425,-16.20759072,137.3170266895948,380.028666136183,-0.1347144954374591,"{'y': 186.29511195999999, 'z': -16.2810877, 'error': 0.0011032583215440002, 'x': 331.54091470000003}","{'y': 186.29702494000003, 'z': -16.15457458, 'error': 0.000101734297631, 'x': 329.94476829999996}","{'y': 185.09600088, 'z': -16.21780174, 'error': -0.000152646200061, 'x': 331.54330066}","{'y': 185.69634392, 'z': -16.17689886, 'error': 0.000752536294848, 'x': 330.74466027999995}"
6439,P055,"{'y': 13.957125269999999, 'z': -18.979454875000002, 'x': 409.21354469000005}",439,10,409.21354469000005,13.957125269999999,-18.979454875000002,109.95344095432148,410.05490892096316,-0.10650821421218283,"{'y': 13.36327502, 'z': -18.92740388, 'error': -0.0008511589612810001, 'x': 408.75999564000006}","{'y': 13.792702120000001, 'z': -19.104220259999998, 'error': -0.000278217211297, 'x': 410.29056742}","{'y': 14.51784232, 'z': -18.89572624, 'error': -0.00035821364384400005, 'x': 408.43840454}","{'y': 14.15468162, 'z': -18.99046912, 'error': -0.0006958822231230001, 'x': 409.36521116000006}"
6239,P057,"{'y': 149.68073600999998, 'z': -7.667889324999999, 'x': 215.390704185}",239,10,215.390704185,149.68073600999998,-7.667889324999999,142.79646577383343,262.44618824191747,-0.11962629111077717,"{'y': 149.22211695999997, 'z': -7.628932139999999, 'error': 0.00016358148088, 'x': 214.79846582}","{'y': 149.24575957999997, 'z': -7.70604822, 'error': -0.000492333775868, 'x': 216.39641248000004}","{'y': 150.4215078, 'z': -7.6709812799999995, 'error': -0.0006267416426980001, 'x': 214.77997654}","{'y': 149.8335597, 'z': -7.665595659999999, 'error': -0.00045852598938700005, 'x': 215.58796190000004}"
6321,P061,"{'y': 86.460330185, 'z': -11.175877579999998, 'x': 304.26979842500003}",321,10,304.26979842500003,86.460330185,-11.175877579999998,123.86285917743037,316.58489976213724,-0.12397773605644394,"{'y': 86.76603345999999, 'z': -11.231057719999999, 'error': -3.74132252893844e-05, 'x': 304.95228986}","{'y': 87.12054232000001, 'z': -11.13368004, 'error': -0.0007563821038150001, 'x': 303.39580178000006}","{'y': 85.59634471999999, 'z': -11.185942059999999, 'error': -0.000412842211721, 'x': 304.6888202}","{'y': 86.35840024, 'z': -11.1528305, 'error': 0.000369065448625, 'x': 304.04228186000006}"
6482,P070,"{'y': 59.544354760000004, 'z': -18.896461735000003, 'x': 404.15012144499997}",482,10,404.15012144499997,59.544354760000004,-18.896461735000003,116.38122118748441,409.11276195914786,-0.11594108410378741,"{'y': 60.28647154, 'z': -18.927421119999998, 'error': 0.00020924356911000003, 'x': 404.25485004}","{'y': 59.15506922000001, 'z': -18.78163422, 'error': 0.0005241102074, 'x': 403.13050824}","{'y': 59.438974400000006, 'z': -18.997883820000002, 'error': -0.00023130048345500003, 'x': 405.09938888}","{'y': 59.29690388, 'z': -18.87890778, 'error': 0.00044412151995000006, 'x': 404.11573861999995}"
6011,P077,"{'y': 32.271469545, 'z': -0.49846637999999904, 'x': 54.043834419999996}",11,10,54.043834419999996,32.271469545,-0.49846637999999904,138.84290715644832,62.94854101032468,-0.09602849492377304,"{'y': 32.0519323, 'z': -0.49754717999999903, 'error': -0.000683170309113, 'x': 53.3275046}","{'y': 31.508975479999997, 'z': -0.505271439999999, 'error': -0.000817267940401, 'x': 54.8312059}","{'y': 33.1800868, 'z': -0.506827259999999, 'error': -0.0011339192393130001, 'x': 53.73543234}","{'y': 32.3448836, 'z': -0.48421963999999906, 'error': -0.0011374635371000001, 'x': 54.28119484}"
6150,P095,"{'y': 14.027568885000003, 'z': -6.54343816, 'x': 241.690636245}",150,10,241.690636245,14.027568885000003,-6.54343816,111.32168371918405,242.21868431392434,-0.13895771340352372,"{'y': 13.330219959999999, 'z': -6.552317479999999, 'error': 0.000267014702027, 'x': 241.96699866}","{'y': 14.873982360000003, 'z': -6.581838139999999, 'error': -0.00018243797078500002, 'x': 242.38698319999997}","{'y': 13.646140120000002, 'z': -6.50455072, 'error': 9.210281732330296e-05, 'x': 240.80965876}","{'y': 14.259933100000001, 'z': -6.5350463, 'error': -4.34228661331526e-05, 'x': 241.59890436}"
